"날짜","상품 ID","바코드","SKU ID","SKU명","벤더아이템 ID","벤더아이템명","로켓프레시","상품카테고리","하위카테고리","세부카테고리","브랜드","매출액(GMV)","판매 수량 (SKU ID)","반품 수량","매입원가(COGS)","AMV","쿠폰 할인가(쿠팡 추가 할인가 제외)","쿠팡 추가 할인가","즉시 할인가","프로모션 발생 매출액","프로모션 발생 판매 수량","평균 판매 금액","주문건수","주문 고객 수","객단가","구매전환율 (%)","조회수","판매 수량 (벤더아이템 ID)","상품평 수","평균 상품 평점"
"2026-10-07","8302244","8804645100208","45570","맥널티_헤이즐넛원두분쇄커피_226G","3011733530","맥널티커피 리치 헤이즐넛향 분쇄 원두 핸드드립,226g,226g,1개,1개","NO","Food","Coffee & Tea","원두","맥널티커피","686000","70","2","349440","674200","0","11600","0","588000","60","9800.0","70","67","10238.805970149253","13.38432122370937","523","70","2","3.5"
"2026-10-07","8302239","8804645100215","45571","맥널티_ 자메이카 블루마운틴 블렌드_226G","3011733533","맥널티커피 자메이카 블루마운틴 블렌드 분쇄 원두커피 핸드드립,226g,226g,1개,1개","NO","Food","Coffee & Tea","커피믹스","맥널티커피","646800","66","1","329736","634200","0","12400","0","646800","66","9800.0","63","62","10432.258064516129","13.665943600867678","461","66","2","4.0"
"2026-10-07","8302244","8804645100468","45572","맥널티_헤이즐넛원두분쇄커피_500G","3011733535","맥널티커피 리치 헤이즐넛향 분쇄 원두 핸드드립,500g,500g,1개,1개","NO","Food","Coffee & Tea","원두","맥널티커피","353430","21","1","167160","353430","0","0","0","0","0","16830.0","22","21","16830.0","34.92063492063492","63","21","4","4.0"
"2026-10-07","8243431303","8804645100451","45573","맥널티_블루마운틴스타일원두분쇄커피_500G","3011733538","맥널티커피 시그니처 블루마운틴 블렌드 분쇄 원두 핸드드립,500g,500g,1개,1개","NO","Food","Coffee & Tea","원두","맥널티커피","339800","18","0","199638","333170","0","6630","0","339800","18","18877.777777777777","18","18","18877.777777777777","13.740458015267176","131","18","0","0.0"
"2026-10-07","6709735713","8804645000515","2341900","맥널티 iBrew 미니 헤이즐넛향 200개입(200g)","3063818056","아이브루 헤이즐넛향 원두커피믹스,1g,1g,200개입,200개입,1개,1개","NO","Food","Coffee & Tea","커피믹스","아이브루","971430","47","3","466099","948603","22227","600","0","148210","7","20668.72340425532","49","46","21118.043478260868","16.723549488054605","293","47","4","5.0"
"2026-10-07","19272798","8804645000683","3067425","아이브루 예가체프 블렌드 70개입","3130455618","아이브루 예가체프 블렌드 원두커피믹스,70개입,70개입,1개,1개,1g,1g","NO","Food","Coffee & Tea","커피믹스","아이브루","34140","2","0","12410","34140","0","0","0","0","0","17070.0","2","2","17070.0","9.523809523809524","21","2","0","0.0"
"2026-10-07","1731799474","9311931901160","3067426","인스턴트 병커피 아이리쉬크림 50g","3130455621","프라이빗클럽 맥널티 아이리쉬크림향 원두커피믹스 병커피,1개입,1개입,1개,1개,50g,50g","NO","Food","Coffee & Tea","커피믹스","프라이빗클럽","106200","18","0","59796","104520","0","1680","0","106200","18","5900.0","14","14","7585.714285714285","5.785123966942149","242","18","0","0.0"
"2026-10-07","8243738574","8804645000690","3067424","아이브루 케냐AA 블렌드 70개입","3130455622","맥널티 아이브루 케냐AA 블렌드 다크로스트 커피믹스,1g,1g,70개입,70개입,1개,1개","NO","Food","Coffee & Tea","커피믹스","아이브루","22400","2","0","12410","22400","0","0","0","0","0","11200.0","2","2","11200.0","6.451612903225806","31","2","0","0.0"
"2026-10-07","6709735713","8804645000706","3067423","아이브루 헤이즐넛향 70개입","3130455623","아이브루 헤이즐넛향 원두커피믹스,1g,1g,70개입,70개입,1개,1개","NO","Food","Coffee & Tea","커피믹스","아이브루","154980","14","0","56350","152340","0","2640","0","132840","12","11070.0","14","14","11070.0","12.068965517241379","116","14","0","0.0"
"2026-10-07","19272802","8804645000300","3067429","산지별 브라질 세라도 NY2 핸드드립커피 7개입","3130455624","맥널티커피 브라질 세라도 NY2 핸드드립 원두커피,8g,8g,7개입,7개입,1개,1개","NO","Food","Coffee & Tea","드립백/티백","맥널티커피","5980","1","0","2887","5980","0","0","0","0","0","5980.0","1","1","5980.0","10.0","10","1","0","0.0"
"2026-10-07","181940092","8804645000355","3067430","산지별 케냐 AA 핸드드립커피 7개입","3130455625","맥널티커피 케냐 AA 핸드드립 원두커피,8g,8g,7개입,7개입,1개,1개","NO","Food","Coffee & Tea","드립백/티백","맥널티커피","17940","3","0","9186","17940","0","0","0","0","0","5980.0","3","3","5980.0","9.090909090909092","33","3","1","1.0"
"2026-10-07","324195553","9311931105162","3067428","인스턴트 병커피 헤이즐넛향 50g","3564581311","프라이빗클럽 맥널티 병커피 헤이즐넛향,50g,50g,1개입,1개입,2개,2개","NO","Food","Coffee & Tea","커피믹스","프라이빗클럽","480200","98","8","225400","461800","8000","9600","0","480200","98","4900.0","52","51","9415.686274509804","8.828522920203735","589","49","11","4.6"
"2026-10-07","181940082","8804645000713","10003517","콜롬비아 핸드드립 블렌드 24개입","4347426285","맥널티커피 콜롬비아 핸드드립 블렌드 드립백커피,8g,8g,24개입,24개입,1개,1개","NO","Food","Coffee & Tea","드립백/티백","맥널티커피","206400","16","0","121088","206400","0","0","0","0","0","12900.0","15","15","13760.0","22.388059701492537","67","16","1","5.0"
"2026-10-07","181940092","8804645000720","10003518","케냐 AA 핸드드립 블렌드 24개입","4347426562","맥널티커피 케냐 AA 핸드드립 원두커피,8g,8g,24개입,24개입,1개,1개","NO","Food","Coffee & Tea","드립백/티백","맥널티","84960","6","0","40782","84960","0","0","0","0","0","14160.0","6","6","14160.0","13.636363636363635","44","6","0","0.0"
"2026-10-07","8096962372","8804645100185","10147180","맥널티 행복을 주는 커피 헤이즐넛향 1kg 홀빈","4529030201","맥널티커피 행복을 주는 커피 헤이즐넛향 원두,1kg,1kg,1개,1개,홀빈(분쇄안함),홀빈(분쇄안함)","NO","Food","Coffee & Tea","원두","맥널티커피","238400","8","0","121952","233600","0","4800","0","238400","8","29800.0","8","8","29800.0","12.307692307692308","65","8","1","2.0"
"2026-10-07","7757594782","8804645006302","10147177","맥널티 홀빈 블루마운틴 1000g","4529030899","맥널티 홀빈 블루마운틴,홀빈(분쇄안함),홀빈(분쇄안함),1kg,1kg,1개,1개","NO","Food","Coffee & Tea","원두","맥널티커피","188300","7","0","110005","172191","12329","3780","0","188300","7","26900.0","7","7","26900.0","12.727272727272727","55","7","0","0.0"
"2026-10-07","319883678","8804645003066","10812901","맥널티 베트남 로부스타 원두커피 1kg","5464513909","맥널티커피 베트남 로부스타 G1 원두,1kg,1kg,1개,1개","NO","Food","Coffee & Tea","원두","맥널티커피","318400","16","0","187488","313600","0","4800","0","258700","13","19900.0","13","13","24492.30769230769","20.967741935483872","62","16","1","5.0"
"2026-10-07","324195553","19311931309161","10837643","맥널티 병커피 헤이즐넛향 50gx10개","5493232668","프라이빗클럽 맥널티 헤이즐넛향 병커피,50g,50g,1개입,1개입,10개,10개","NO","Food","Coffee & Tea","원두커피믹스","프라이빗클럽","47330","1","1","23000","45430","0","950","0","47330","1","47330.0","2","2","23665.0","14.285714285714285","14","1","1","5.0"
"2026-10-07","1096433002","8804645003219","11019882","맥널티 아이브루 다크 블렌드 200T","70053514142","아이브루 다크 블렌드 원두커피믹스,1g,1g,200개입,200개입,1개,1개,1g,1g","NO","Food","Coffee & Tea","원두커피믹스","맥널티","83600","4","0","52384","81920","0","1680","0","83600","4","20900.0","4","4","20900.0","10.0","40","4","1","5.0"
"2026-10-07","1096433032","8804645003226","11019883","맥널티 아이브루 모카 블랙 200T","70053514191","맥널티커피 아이브루 모카 블랙 원두커피믹스,1g,1g,200개입,200개입,1개,1개","NO","Food","Coffee & Tea","원두커피믹스","맥널티커피","143920","7","0","81809","137322","6598","0","0","41120","2","20560.0","6","6","23986.666666666668","13.333333333333334","45","7","1","5.0"
"2026-10-07","7740688995","8804645003486","11849981","행복을 주는 커피 블루마운틴 블렌드 분쇄 원두 커피 1kg","70738743548","맥널티커피 행복을 주는 커피 블루마운틴 원두,핸드드립,핸드드립,1kg,1kg,1개,1개","NO","Food","Coffee & Tea","원두","맥널티커피","268200","9","0","147240","264000","0","4200","0","208600","7","29800.0","9","9","29800.0","15.517241379310345","58","9","1","5.0"
"2026-10-07","1942501818","8804645300950","12491225","맥널티 핸드드립 커피필터 30개입","71284745163","맥널티커피  핸드드립 커피필터,30개입,30개입,1개,1개","NO","Kitchen","Tools & Gadgets","커피필터/여과지","맥널티","249400","58","2","158746","249400","0","0","0","0","0","4300.0","57","56","4453.571428571428","15.745856353591158","362","58","2","3.0"
"2026-10-07","7387568872","8804645003493","12521866","맥널티 행복을 주는 커피 시그니처 헤이즐넛향 원두 커피 1Kg","71309336924","맥널티커피 시그니처 헤이즐넛향 원두,핸드드립(중간),핸드드립(중간),1kg,1kg,1개,1개","NO","Food","Coffee & Tea","원두","맥널티커피","501500","17","1","277984","491470","0","9440","0","501500","17","29500.0","17","17","29500.0","16.19047619047619","105","17","0","0.0"
"2026-10-07","1998370657","8804645100451","45573","맥널티_블루마운틴스타일원두분쇄커피_500G","71387821010","맥널티커피 시그니처 블루마운틴 블렌드 분쇄 원두 핸드드립,핸드드립,핸드드립,500g,500g,1개,1개","YES","Food","Coffee & Tea","원두","맥널티커피","18900","1","0","11091","18520","0","380","0","18900","1","18900.0","1","1","18900.0","11.11111111111111","9","1","0","0.0"
"2026-10-07","1998416575","8804645000515","2341900","맥널티 iBrew 미니 헤이즐넛향 200개입(200g)","71387902591","아이브루 헤이즐넛향 원두커피믹스,200개입,200개입,1개,1개,1g,1g","YES","Food","Coffee & Tea","커피믹스","아이브루","20810","1","0","9917","20810","0","0","0","0","0","20810.0","1","1","20810.0","4.545454545454546","22","1","0","0.0"
"2026-10-07","2297380516","8804645003936","13277718","맥널티 행복을 주는 커피 브라질 산토스 1kg","71942049439","맥널티커피 행복을 주는 커피 원두 브라질 산토스,1kg,1kg,1개,1개,핸드드립,핸드드립","NO","Food","Coffee & Tea","원두","맥널티커피","174300","7","1","98637","171300","0","2500","0","174300","7","24900.0","7","7","24900.0","6.0344827586206895","116","7","1","5.0"
"2026-10-07","2297380544","8804645003929","13277719","맥널티 행복을 주는 커피 콜롬비아 블렌드 1kg","71942049472","맥널티커피 행복을 주는 커피 콜롬비아 블렌드 분쇄 원두,1kg,1kg,1개,1개","NO","Food","Coffee & Tea","원두","맥널티커피","512280","18","0","280782","503730","0","8550","0","455660","16","28460.0","17","17","30134.117647058825","10.303030303030303","165","18","0","0.0"
"2026-10-07","2305333987","8804645003486","11849981","행복을 주는 커피 블루마운틴 블렌드 분쇄 원두 커피 1kg","71957835141","맥널티커피 행복을 주는 커피 블루마운틴 분쇄 원두,1kg,1kg,1개,1개,핸드드립,핸드드립","YES","Food","Coffee & Tea","원두","맥널티커피","29800","1","0","16360","29200","0","600","0","29800","1","29800.0","1","1","29800.0","16.666666666666664","6","1","0","0.0"
"2026-10-07","4549544648","8804645000706","3067423","아이브루 헤이즐넛향 70개입","72819339327","아이브루 헤이즐넛향 원두커피믹스,70개입,70개입,1개,1개,1g,1g","YES","Food","Coffee & Tea","커피믹스","아이브루","11070","1","0","4025","10850","0","220","0","11070","1","11070.0","1","1","11070.0","7.6923076923076925","13","1","0","0.0"
"2026-10-07","5238676003","8804645100215","45571","맥널티_ 자메이카 블루마운틴 블렌드_226G","74684501509","맥널티커피 자메이카 블루마운틴 블렌드 분쇄 원두커피 핸드드립,226g,226g,1개,1개,핸드드립,핸드드립","YES","Food","Coffee & Tea","커피믹스","맥널티커피","68600","7","0","34972","67200","0","1400","0","68600","7","9800.0","7","7","9800.0","10.294117647058822","68","7","0","0.0"
"2026-10-07","5455241807","8804645002861","15720531","콜롬비아 블랙 100개입","75624373157","맥널티커피 콜롬비아 블랙 원두커피믹스,1g,1g,100개입,100개입,1박스,1박스","NO","Food","Coffee & Tea","원두커피믹스","맥널티커피","403300","37","2","234765","394720","0","8140","0","403300","37","10900.0","39","39","10341.02564102564","11.676646706586826","334","37","3","4.7"
"2026-10-07","6398707733","8804645100468","45572","맥널티_헤이즐넛원두분쇄커피_500G","80925867759","맥널티커피 리치 헤이즐넛향 분쇄 원두 핸드드립,500g,500g,1개,1개,핸드드립/커피메이커,핸드드립/커피메이커","YES","Food","Coffee & Tea","원두","맥널티커피","33660","2","0","15920","33660","0","0","0","0","0","16830.0","2","2","16830.0","16.666666666666664","12","2","1","5.0"
"2026-10-07","6417111096","8804645005732","23400108","맥널티 디카페인100% 핸드드립 원두커피 24개입","81038762608","맥널티커피 디카페인100% 핸드드립 원두,8g,8g,24개입,24개입,1개,1개","NO","Food","Coffee & Tea","드립백/티백","맥널티커피","206470","13","0","122135","206470","0","0","0","0","0","15882.307692307691","13","13","15882.307692307691","14.130434782608695","92","13","1","5.0"
"2026-10-07","7615212597","8804645005879","24695530","아이스 헤이즐넛향 커피 190mL 10팩","81536870780","맥널티커피 아이스 헤이즐넛향 커피,190ml,190ml,10개,10개","NO","Food","Drinks","커피음료","맥널티커피","42840","7","1","24402","42840","0","0","0","0","0","6120.0","8","8","5355.0","16.666666666666664","48","7","1","5.0"
"2026-10-07","6501088702","8804645005893","24752132","청포도 에이드 190mL 10팩","81557354751","맥널티커피 청포도 에이드,190ml,190ml,10개,10개","NO","Food","Drinks","과일음료","맥널티커피","18000","3","0","10458","18000","0","0","0","0","0","6000.0","3","3","6000.0","21.428571428571427","14","3","2","5.0"
"2026-10-07","6501093720","8804645005886","24752251","복숭아 아이스티 190mL 10팩","81557378598","맥널티커피 복숭아 아이스 티,190ml,190ml,10개,10개","NO","Food","Drinks","차음료","맥널티커피","48000","8","0","27888","48000","0","0","0","0","0","6000.0","7","7","6857.142857142857","53.84615384615385","13","8","2","5.0"
"2026-10-07","6501093721","8804645005909","24752250","블루레몬 에이드 190mL 10팩","81557378606","맥널티커피 블루레몬에이드,190ml,190ml,10개,10개","NO","Food","Drinks","과일음료","맥널티커피","6000","1","0","3486","6000","0","0","0","0","0","6000.0","1","1","6000.0","4.166666666666666","24","1","2","5.0"
"2026-10-07","7863543179","8804645006067","25240400","맥널티 스테비아 커피믹스 100개입","81794562129","맥널티커피 스테비아 커피믹스,9.5g,9.5g,100개입,100개입,1개,1개","NO","Food","Coffee & Tea","커피믹스","맥널티커피","1612600","77","3","997920","1577860","3000","30480","0","1612600","77","20942.85714285714","78","76","21218.42105263158","19.796954314720814","394","77","8","4.9"
"2026-10-07","7863543179","8804645006074","25240402","맥널티 스테비아 커피믹스 30개입","81794562138","맥널티커피 스테비아 커피믹스,9.5g,9.5g,30개입,30개입,1개,1개","NO","Food","Coffee & Tea","커피믹스","맥널티커피","225330","29","0","139983","220780","0","4550","0","62160","8","7770.0","27","27","8345.555555555555","5.934065934065933","455","29","6","4.5"
"2026-10-07","9618053831","18804645005937","25484257","맥널티 아이스 헤이즐넛향 커피 대용량 파우치 1Lx6입","81905633683","맥널티커피 아이스 헤이즐넛향 커피 대용량 파우치,6개,6개,1L,1L","NO","Food","Drinks","커피음료","맥널티커피","15220","1","0","10252","15220","0","0","0","0","0","15220.0","1","1","15220.0","25.0","4","1","0","0.0"
"2026-10-07","6636420565","8804645006029","26477367","맥널티 리얼 에스프레소샷 블랙 액상스틱커피 15mlx30개입","82374359581","맥널티커피 리얼 에스프레소 샷 블랙 액상 스틱 커피,15ml,15ml,30개입,30개입,1개,1개","NO","Food","Coffee & Tea","원두커피믹스","맥널티커피","251600","17","0","125596","251600","0","0","0","0","0","14800.0","15","15","16773.333333333332","7.8125","192","17","0","0.0"
"2026-10-07","6671175150","8804645006258","26870612","맥널티 핸드드립 버라이어티세트 30개입","82569913991","맥널티커피 핸드드립 버라이어티 원두커피 세트 30개입,커피 5종,커피 5종,1세트,1세트","NO","Food","Coffee & Tea","커피세트","맥널티커피","170100","9","0","84555","170100","0","0","0","0","0","18900.0","8","8","21262.5","13.114754098360656","61","9","0","0.0"
"2026-10-07","8157289284","18804645006101","26889711","맥널티 제로칼로리 복숭아 아이스티 500ml 24입","82573306348","맥널티커피 복숭아 아이스티 제로,500ml,500ml,24개,24개","NO","Food","Drinks","차음료","맥널티커피","179000","10","1","122050","175040","0","3600","0","179000","10","17900.0","11","10","17900.0","12.643678160919542","87","10","0","0.0"
"2026-10-07","6867933138","8804645006081","29461862","맥널티 아메리카노 아이스 블랙 100개입","83611282700","맥널티커피 아메리카노 아이스 블랙 커피믹스,1g,1g,100개입,100개입,1개,1개","NO","Food","Coffee & Tea","커피믹스","맥널티커피","218000","20","2","117000","213380","0","4180","0","218000","20","10900.0","21","21","10380.952380952382","6.402439024390244","328","20","3","4.0"
"2026-10-07","7032596367","8804645006296","31602405","맥널티 2in1 핫앤콜드 진공추출 커피메이커 MCM-065B MCM-065B","84530845438","맥널티커피 2in1 핫앤콜드 진공추출 커피메이커,MCM-065B,MCM-065B","NO","CE","Kitchen Appliance","커피머신","맥널티커피","37160","1","0","30881","36790","0","370","0","37160","1","37160.0","1","1","37160.0","1.2195121951219512","82","1","0","0.0"
"2026-10-07","8302239","8804645100215","45571","맥널티_ 자메이카 블루마운틴 블렌드_226G","84639604567","맥널티커피 자메이카 블루마운틴 블렌드 분쇄 원두커피 핸드드립,226g,226g,2개,2개","NO","Food","Coffee & Tea","커피믹스","맥널티커피","78400","8","0","39968","76800","0","1600","0","78400","8","9800.0","4","4","19600.0","14.285714285714285","28","4","0","0.0"
"2026-10-07","6867933138","8804645006081","29461862","맥널티 아메리카노 아이스 블랙 100개입","84639606756","맥널티커피 아메리카노 아이스 블랙 커피믹스,1g,1g,100개입,100개입,2개,2개","NO","Food","Coffee & Tea","커피믹스","맥널티커피","43600","4","0","23400","42720","0","880","0","43600","4","10900.0","2","2","21800.0","40.0","5","2","0","0.0"
"2026-10-07","6417111096","8804645005732","23400108","맥널티 디카페인100% 핸드드립 원두커피 24개입","84639606864","맥널티커피 디카페인100% 핸드드립 원두,8g,8g,24개입,24개입,2개,2개","NO","Food","Coffee & Tea","드립백/티백","맥널티커피","31780","2","0","18790","31780","0","0","0","0","0","15890.0","1","1","31780.0","33.33333333333333","3","1","0","0.0"
"2026-10-07","7387568872","8804645003493","12521866","맥널티 행복을 주는 커피 시그니처 헤이즐넛향 원두 커피 1Kg","84639607101","맥널티커피 시그니처 헤이즐넛향 원두,핸드드립,핸드드립,1kg,1kg,2개,2개","NO","Food","Coffee & Tea","원두","맥널티커피","171000","6","0","98112","169560","0","1440","0","171000","6","28500.0","3","3","57000.0","42.857142857142854","7","3","0","0.0"
"2026-10-07","8302244","8804645100468","45572","맥널티_헤이즐넛원두분쇄커피_500G","84639607653","맥널티커피 리치 헤이즐넛향 분쇄 원두 핸드드립,500g,500g,2개,2개","NO","Food","Coffee & Tea","원두","맥널티커피","625800","42","0","334320","625800","0","0","0","0","0","14900.0","21","21","29800.0","38.88888888888889","54","21","2","4.5"
"2026-10-07","8302244","8804645100208","45570","맥널티_헤이즐넛원두분쇄커피_226G","84639607771","맥널티커피 리치 헤이즐넛향 분쇄 원두 핸드드립,226g,226g,2개,2개","NO","Food","Coffee & Tea","원두","맥널티커피","149760","16","0","79872","149760","0","0","0","0","0","9360.0","8","8","18720.0","36.36363636363637","22","8","1","5.0"
"2026-10-07","7740688995","8804645003486","11849981","행복을 주는 커피 블루마운틴 블렌드 분쇄 원두 커피 1kg","85101496783","맥널티커피 행복을 주는 커피 블루마운틴 원두,핸드드립,핸드드립,1kg,1kg,2개,2개","NO","Food","Coffee & Tea","원두","맥널티커피","119200","4","0","65440","116800","0","2400","0","119200","4","29800.0","2","2","59600.0","18.181818181818183","11","2","0","0.0"
"2026-10-07","1096433032","8804645003226","11019883","맥널티 아이브루 모카 블랙 200T","85101498569","맥널티커피 아이브루 모카 블랙 원두커피믹스,1g,1g,200개입,200개입,2개,2개","NO","Food","Coffee & Tea","원두커피믹스","맥널티커피","78740","4","0","46748","78740","0","0","0","0","0","19685.0","2","2","39370.0","50.0","4","2","0","0.0"
"2026-10-07","2297380544","8804645003929","13277719","맥널티 행복을 주는 커피 콜롬비아 블렌드 1kg","85101503793","맥널티커피 행복을 주는 커피 콜롬비아 블렌드 분쇄 원두,1kg,1kg,2개,2개","NO","Food","Coffee & Tea","원두","맥널티커피","227080","8","0","124792","223630","0","3450","0","227080","8","28385.0","3","3","75693.33333333333","50.0","6","4","0","0.0"
"2026-10-07","7863543179","8804645006074","25240402","맥널티 스테비아 커피믹스 30개입","85166941524","맥널티커피 스테비아 커피믹스,9.5g,9.5g,30개입,30개입,2개,2개","NO","Food","Coffee & Tea","커피믹스","맥널티커피","15540","2","0","9654","15540","0","0","0","0","0","7770.0","1","1","15540.0","10.0","10","1","0","0.0"
"2026-10-07","19272802","8804645000300","3067429","산지별 브라질 세라도 NY2 핸드드립커피 7개입","85166941770","맥널티커피 브라질 세라도 NY2 핸드드립 원두커피,8g,8g,7개입,7개입,2개,2개","NO","Food","Coffee & Tea","드립백/티백","맥널티커피","10600","2","0","5774","10600","0","0","0","0","0","5300.0","1","1","10600.0","100.0","1","1","0","0.0"
"2026-10-07","19272807","8804645000331","3067434","산지별 에티오피아 예가체프 핸드드립커피 7개입","85166944031","맥널티커피 에티오피아 예가체프 G2 핸드드립 원두,8g,8g,7개입,7개입,3개,3개","NO","Food","Coffee & Tea","드립백/티백","맥널티커피","14700","3","0","9552","14700","0","0","0","0","0","4900.0","1","1","14700.0","100.0","1","1","0","0.0"
"2026-10-07","8243431303","8804645100451","45573","맥널티_블루마운틴스타일원두분쇄커피_500G","85172310672","맥널티커피 시그니처 블루마운틴 블렌드 분쇄 원두 핸드드립,500g,500g,2개,2개","NO","Food","Coffee & Tea","원두","맥널티커피","373000","20","0","221820","366250","0","6750","0","373000","20","18650.0","9","9","41444.444444444445","56.25","16","10","0","0.0"
"2026-10-07","8302244","8804645100208","45570","맥널티_헤이즐넛원두분쇄커피_226G","85191203401","맥널티커피 리치 헤이즐넛향 분쇄 원두 핸드드립,226g,226g,3개,3개","NO","Food","Coffee & Tea","원두","맥널티커피","54660","6","0","29952","54660","0","0","0","0","0","9110.0","2","2","27330.0","66.66666666666666","3","2","0","0.0"
"2026-10-07","8302239","8804645100215","45571","맥널티_ 자메이카 블루마운틴 블렌드_226G","85191203479","맥널티커피 자메이카 블루마운틴 블렌드 분쇄 원두커피 핸드드립,226g,226g,3개,3개","NO","Food","Coffee & Tea","커피믹스","맥널티커피","29400","3","0","14988","28810","0","590","0","29400","3","9800.0","1","1","29400.0","25.0","4","1","0","0.0"
"2026-10-07","8157289284","18804645006101","26889711","맥널티 제로칼로리 복숭아 아이스티 500ml 24입","85191838032","맥널티 커피 복숭아 아이스티 제로,500ml,500ml,48개,48개","NO","Food","Drinks","차음료","맥널티커피","71600","4","0","48820","70880","0","720","0","71600","4","17900.0","1","1","71600.0","100.0","1","2","0","0.0"
"2026-10-07","6636420565","8804645006029","26477367","맥널티 리얼 에스프레소샷 블랙 액상스틱커피 15mlx30개입","85193850360","맥널티커피 리얼 에스프레소 샷 블랙 액상 스틱 커피,15ml,15ml,30개입,30개입,2개,2개","NO","Food","Coffee & Tea","원두커피믹스","맥널티커피","59200","4","0","29552","59200","0","0","0","0","0","14800.0","2","2","29600.0","33.33333333333333","6","2","1","5.0"
"2026-10-07","7615212597","8804645005879","24695530","아이스 헤이즐넛향 커피 190mL 10팩","85194179186","맥널티커피 아이스 헤이즐넛향,190ml,190ml,20개,20개","NO","Food","Drinks","커피음료","맥널티커피","36720","6","0","20916","36720","0","0","0","0","0","6120.0","3","3","12240.0","27.27272727272727","11","3","1","4.0"
"2026-10-07","6557407422","8804645005862","24695531","아이스 아메리카노 스위트 190mL 10팩","85194758257","맥널티커피 아이스 아메리카노 스위트,190ml,190ml,20개,20개","NO","Food","Drinks","커피음료","맥널티커피","18000","4","0","13944","18000","0","0","0","0","0","4500.0","2","2","9000.0","16.666666666666664","12","2","0","0.0"
"2026-10-07","6557407422","8804645005862","24695531","아이스 아메리카노 스위트 190mL 10팩","85194776273","맥널티커피 아이스 아메리카노 스위트,190ml,190ml,40개,40개","NO","Food","Drinks","커피음료","맥널티커피","36000","8","0","27888","36000","0","0","0","0","0","4500.0","2","2","18000.0","40.0","5","2","0","0.0"
"2026-10-07","6557407422","8804645005862","24695531","아이스 아메리카노 스위트 190mL 10팩","85194782627","맥널티커피 아이스 아메리카노 스위트,190ml,190ml,60개,60개","NO","Food","Drinks","커피음료","맥널티커피","27000","6","0","20916","27000","0","0","0","0","0","4500.0","1","1","27000.0","25.0","4","1","0","0.0"
"2026-10-07","6557407422","8804645005862","24695531","아이스 아메리카노 스위트 190mL 10팩","85194783479","맥널티커피 아이스 아메리카노 스위트,190ml,190ml,30개,30개","NO","Food","Drinks","커피음료","맥널티커피","40500","9","0","31374","34500","6000","0","0","13500","3","4500.0","3","3","13500.0","17.647058823529413","17","3","0","0.0"
"2026-10-07","6501093720","8804645005886","24752251","복숭아 아이스티 190mL 10팩","85194919180","맥널티커피 복숭아 아이스 티,190ml,190ml,20개,20개","NO","Food","Drinks","차음료","맥널티커피","36000","6","0","20916","36000","0","0","0","0","0","6000.0","3","3","12000.0","300.0","1","3","0","0.0"
"2026-10-07","6501093720","8804645005886","24752251","복숭아 아이스티 190mL 10팩","85194922161","맥널티커피 복숭아 아이스 티,190ml,190ml,30개,30개","NO","Food","Drinks","차음료","맥널티커피","47700","9","0","31374","44700","0","3000","0","47700","9","5300.0","3","3","15900.0","27.27272727272727","11","3","0","0.0"
"2026-10-07","5455241807","8804645002861","15720531","콜롬비아 블랙 100개입","85194922362","맥널티커피 콜롬비아 블랙 원두커피믹스,1g,1g,100개입,100개입,3개,3개","NO","Food","Coffee & Tea","원두커피믹스","맥널티커피","81750","9","0","57105","81750","0","0","0","0","0","9083.333333333334","3","3","27250.0","20.0","15","3","1","5.0"
"2026-10-07","5455241807","8804645002861","15720531","콜롬비아 블랙 100개입","85194922939","맥널티커피 콜롬비아 블랙 원두커피믹스,1g,1g,100개입,100개입,4개,4개","NO","Food","Coffee & Tea","원두커피믹스","맥널티커피","36330","4","0","25380","36330","0","0","0","0","0","9082.5","1","1","36330.0","0.0","0","1","0","0.0"
"2026-10-07","6501093720","8804645005886","24752251","복숭아 아이스티 190mL 10팩","85194924507","맥널티커피 복숭아 아이스 티,190ml,190ml,50개,50개","NO","Food","Drinks","차음료","맥널티커피","26500","5","0","17430","24820","0","1680","0","26500","5","5300.0","1","1","26500.0","100.0","1","1","0","0.0"
"2026-10-07","6501093721","8804645005909","24752250","블루레몬 에이드 190mL 10팩","85194936149","맥널티커피 블루레몬에이드,190ml,190ml,50개,50개","NO","Food","Drinks","과일음료","맥널티커피","26180","5","0","17430","26180","0","0","0","0","0","5236.0","1","1","26180.0","0.0","0","1","0","0.0"
"2026-10-07","6501093721","8804645005909","24752250","블루레몬 에이드 190mL 10팩","85194936286","맥널티커피 블루레몬에이드,190ml,190ml,20개,20개","NO","Food","Drinks","과일음료","맥널티커피","24000","4","0","13944","24000","0","0","0","0","0","6000.0","2","2","12000.0","0.0","0","2","0","0.0"
"2026-10-07","6501093721","8804645005909","24752250","블루레몬 에이드 190mL 10팩","85194940256","맥널티커피 블루레몬에이드,190ml,190ml,30개,30개","NO","Food","Drinks","과일음료","맥널티커피","31440","6","0","20916","31440","0","0","0","0","0","5240.0","2","2","15720.0","33.33333333333333","6","2","1","4.0"
"2026-10-07","5455241807","8804645002861","15720531","콜롬비아 블랙 100개입","85194953537","맥널티커피 콜롬비아 블랙 원두커피믹스,1g,1g,100개입,100개입,2개,2개","NO","Food","Coffee & Tea","원두커피믹스","맥널티커피","39000","4","0","25380","39000","0","0","0","0","0","9750.0","2","2","19500.0","7.4074074074074066","27","2","1","5.0"
"2026-10-07","6501088702","8804645005893","24752132","청포도 에이드 190mL 10팩","85195155689","맥널티커피 청포도 에이드,190ml,190ml,50개,50개","NO","Food","Drinks","과일음료","맥널티커피","53300","10","0","34860","53300","0","0","0","0","0","5330.0","2","2","26650.0","200.0","1","2","0","0.0"
"2026-10-07","6501088702","8804645005893","24752132","청포도 에이드 190mL 10팩","85195160238","맥널티커피 청포도 에이드,190ml,190ml,30개,30개","NO","Food","Drinks","과일음료","맥널티커피","15990","3","0","10458","15990","0","0","0","0","0","5330.0","1","1","15990.0","20.0","5","1","0","0.0"
"2026-10-07","19272806","8804645000348","3067433","산지별 에티오피아 코케 허니 핸드드립커피 7개입","85322258937","맥널티커피 에티오피아 코케 허니 핸드드립 원두,8g,8g,7개입,7개입,5개,5개","NO","Food","Coffee & Tea","드립백/티백","맥널티커피","27550","5","0","14550","27550","0","0","0","0","0","5510.0","1","1","27550.0","100.0","1","1","0","0.0"
"2026-10-07","9654738237","18804645005920","25484251","맥널티커피 아메리카노 스위트 1Lx6입","85322264903","맥널티커피 아메리카노 스위트,1L,1L,12개,12개","NO","Food","Drinks","커피음료","맥널티커피","32200","2","0","20504","32200","0","0","0","0","0","16100.0","1","1","32200.0","0.0","0","1","0","0.0"
"2026-10-07","319883678","8804645003066","10812901","맥널티 베트남 로부스타 원두커피 1kg","85322265154","맥널티커피 베트남 로부스타 G1 원두,1kg,1kg,2개,2개","NO","Food","Coffee & Tea","원두","맥널티커피","159200","8","0","93744","156000","0","3200","0","159200","8","19900.0","4","4","39800.0","133.33333333333331","3","4","0","0.0"
"2026-10-07","319883678","8804645003066","10812901","맥널티 베트남 로부스타 원두커피 1kg","85322265195","맥널티커피 베트남 로부스타 G1 원두,1kg,1kg,3개,3개","NO","Food","Coffee & Tea","원두","맥널티커피","179100","9","0","105462","175500","0","3600","0","179100","9","19900.0","3","3","59700.0","150.0","2","3","0","0.0"
"2026-10-07","6709735713","8804645000515","2341900","맥널티 iBrew 미니 헤이즐넛향 200개입(200g)","85480600718","아이브루 헤이즐넛향 원두커피믹스,1g,1g,200개입,200개입,2개,2개","NO","Food","Coffee & Tea","커피믹스","아이브루","237590","12","0","119004","237590","0","0","0","0","0","19799.166666666668","6","6","39598.333333333336","19.35483870967742","31","6","1","4.0"
"2026-10-07","7268864468","8804645006340","34834818","맥널티 스테비아 제로슈가 핫초코 라떼 30개입 15g","85671431196","맥널티커피 스테비아 제로슈가 핫초코 라떼,15g,15g,30개입,30개입,1개,1개","NO","Food","Coffee & Tea","라떼분말","맥널티커피","248400","20","1","150000","248400","0","0","0","0","0","12420.0","21","21","11828.57142857143","8.898305084745763","236","20","1","3.0"
"2026-10-07","7268864468","8804645006340","34834818","맥널티 스테비아 제로슈가 핫초코 라떼 30개입 15g","85916848410","맥널티커피 스테비아 제로슈가 핫초코 라떼,15g,15g,30개입,30개입,2개,2개","NO","Food","Coffee & Tea","라떼분말","맥널티커피","24840","2","0","15000","24840","0","0","0","0","0","12420.0","1","1","24840.0","6.25","16","1","1","5.0"
"2026-10-07","7268864468","8804645006340","34834818","맥널티 스테비아 제로슈가 핫초코 라떼 30개입 15g","85916848834","맥널티커피 스테비아 제로슈가 핫초코 라떼,15g,15g,30개입,30개입,3개,3개","NO","Food","Coffee & Tea","라떼분말","맥널티커피","36370","3","0","22500","36370","0","0","0","0","0","12123.333333333334","1","1","36370.0","100.0","1","1","0","0.0"
"2026-10-07","1096433002","8804645003219","11019882","맥널티 아이브루 다크 블렌드 200T","85927444544","아이브루 다크 블렌드 원두커피믹스,1g,1g,200개입,200개입,2개,2개,1g,1g","NO","Food","Coffee & Tea","원두커피믹스","맥널티","41800","2","0","26192","40960","0","840","0","41800","2","20900.0","1","1","41800.0","0.0","0","1","0","0.0"
"2026-10-07","7757594782","8804645006302","10147177","맥널티 홀빈 블루마운틴 1000g","85995313246","맥널티 홀빈 블루마운틴,홀빈(분쇄안함),홀빈(분쇄안함),1kg,1kg,2개,2개","NO","Food","Coffee & Tea","원두","맥널티커피","53800","2","0","31430","52720","0","1080","0","53800","2","26900.0","1","1","53800.0","25.0","4","1","0","0.0"
"2026-10-07","7387320683","8804645006791","36669698","제로 아이스티 복숭아, 30개입, 13g","86349682924","맥널티커피 복숭아 아이스티 제로,13g,13g,30개,30개","NO","Food","Drinks","차음료","맥널티커피","38840","4","0","23400","38840","0","0","0","0","0","9710.0","4","4","9710.0","30.76923076923077","13","4","0","0.0"
"2026-10-07","7010199440","18804645006538","36829225","맥널티 제로칼로리 청포도 아이스티 500mlx24입,","86417557917","맥널티커피 청포도 아이스티 제로,500ml,500ml,24개,24개","NO","Food","Drinks","차음료","맥널티커피","71600","4","0","48820","70160","0","1440","0","71600","4","17900.0","4","4","17900.0","9.30232558139535","43","4","0","0.0"
"2026-10-07","7387323458","8804645006807","36829226","제로 아이스티 청포도, 30개입, 13g 1개","86417557932","맥널티커피 청포도 아이스티 제로,390g,390g,30개입,30개입,1개,1개","NO","Food","Drinks","차음료","맥널티커피","15000","2","0","11700","15000","0","0","0","0","0","7500.0","2","2","7500.0","25.0","8","2","0","0.0"
"2026-10-07","8288508361","8804645006395","36903434","맥널티 아이브루 플러스 헤이즐넛 블랙커피 100개입","86458081778","아이브루 플러스 공정무역 헤이즐넛 블랙커피,1g,1g,100개입,100개입,1개,1개","NO","Food","Coffee & Tea","원두커피믹스","아이브루","1335600","140","4","1067220","1296790","8000","30020","0","381600","40","9540.0","142","142","9405.633802816901","9.732693625771075","1459","139","11","4.3"
"2026-10-07","181940082","8804645000713","10003517","콜롬비아 핸드드립 블렌드 24개입","86556283131","맥널티커피 콜롬비아 핸드드립 블렌드 드립백커피,8g,8g,24개입,24개입,2개,2개","NO","Food","Coffee & Tea","드립백/티백","맥널티커피","103200","8","0","60544","103200","0","0","0","0","0","12900.0","4","4","25800.0","25.0","16","4","0","0.0"
"2026-10-07","181940092","8804645000720","10003518","케냐 AA 핸드드립 블렌드 24개입","86569241933","맥널티커피 케냐AA 핸드드립 블렌드커피,8g,8g,24개입,24개입,2개,2개","NO","Food","Coffee & Tea","드립백/티백","맥널티","56640","4","0","27188","48640","8000","0","0","28320","2","14160.0","2","2","28320.0","200.0","1","2","0","0.0"
"2026-10-07","181940092","8804645000720","10003518","케냐 AA 핸드드립 블렌드 24개입","86569242066","맥널티커피 케냐AA 핸드드립 블렌드커피,8g,8g,24개입,24개입,3개,3개","NO","Food","Coffee & Tea","드립백/티백","맥널티","42480","3","0","20391","42480","0","0","0","0","0","14160.0","1","1","42480.0","100.0","1","1","0","0.0"
"2026-10-07","5238676003","8804645100215","45571","맥널티_ 자메이카 블루마운틴 블렌드_226G","86681535403","맥널티커피 자메이카 블루마운틴 블렌드 분쇄 원두,226g,226g,2개,2개,핸드드립,핸드드립","YES","Food","Coffee & Tea","커피믹스","맥널티커피","19600","2","0","9992","19200","0","400","0","19600","2","9800.0","1","1","19600.0","33.33333333333333","3","1","0","0.0"
"2026-10-07","7387320683","8804645006791","36669698","제로 아이스티 복숭아, 30개입, 13g","86717876849","맥널티커피 복숭아 아이스티 제로,13g,13g,120개,120개","NO","Food","Drinks","차음료","맥널티커피","32640","4","0","23400","32640","0","0","0","0","0","8160.0","1","1","32640.0","0.0","0","1","0","0.0"
"2026-10-07","8288508361","8804645006395","36903434","맥널티 아이브루 플러스 헤이즐넛 블랙커피 100개입","86717971315","아이브루 플러스 공정무역 헤이즐넛 블랙커피,1g,1g,100개입,100개입,2개,2개","NO","Food","Coffee & Tea","원두커피믹스","아이브루","95400","10","0","76230","95400","0","0","0","0","0","9540.0","5","5","19080.0","35.714285714285715","14","5","0","0.0"
"2026-10-07","181940092","8804645006616","37713094","맥널티 핸드드립커피 케냐AA(더블에이) 36개입, 8g, 1개","86776604817","맥널티커피 케냐 AA 핸드드립 원두커피,8g,8g,36개입,36개입,1개,1개","NO","Food","Coffee & Tea","드립백/티백","맥널티커피","159200","8","0","94072","155600","0","3600","0","59700","3","19900.0","7","7","22742.85714285714","15.217391304347828","46","8","0","0.0"
"2026-10-07","8288498794","8804645006623","37713095","맥널티 핸드드립커피 에티오피아 예가체프 36개입, 8g, 1개","86776605106","맥널티커피 핸드드립커피 에티오피아 예가체프,8g,8g,36개입,36개입,1개,1개","NO","Food","Coffee & Tea","드립백/티백","맥널티커피","21510","1","0","10577","21510","0","0","0","0","0","21510.0","1","1","21510.0","14.285714285714285","7","1","0","0.0"
"2026-10-07","6703340857","8804645005374","37733154","맥널티 원두 홀빈(분쇄안함) 마일드 미디움 블렌드 200g, 1개","86784278429","맥널티 원두 마일드 미디움 블렌드,200g,200g,1개,1개,홀빈(분쇄안함),홀빈(분쇄안함)","NO","Food","Coffee & Tea","원두","맥널티커피","10500","1","0","5791","10290","0","210","0","10500","1","10500.0","1","1","10500.0","20.0","5","1","0","0.0"
"2026-10-07","7510928153","8804645006074","25240402","맥널티 스테비아 커피믹스 30개입","86785226509","맥널티커피 스테비아 커피믹스,9.5g,9.5g,30개입,30개입,1개,1개","YES","Food","Coffee & Tea","커피믹스","맥널티커피","31080","4","0","19308","31080","0","0","0","0","0","7770.0","4","4","7770.0","133.33333333333331","3","4","1","5.0"
"2026-10-07","8175429189","8804645000324","3067432","산지별 콜롬비아 슈프리모 핸드드립커피 7개입","87044037130","맥널티 콜롬비아 슈프리모 핸드 드립백커피,8g,8g,7개입,7개입,3개,3개,8g,8g","NO","Food","Coffee & Tea","드립백/티백","맥널티","39390","9","0","27387","39390","0","0","0","0","0","4376.666666666667","3","3","13130.0","23.076923076923077","13","3","0","0.0"
"2026-10-07","8175429189","8804645000324","3067432","산지별 콜롬비아 슈프리모 핸드드립커피 7개입","87044037149","맥널티 콜롬비아 슈프리모 핸드 드립백커피,8g,8g,7개입,7개입,4개,4개,8g,8g","NO","Food","Coffee & Tea","드립백/티백","맥널티","19600","4","0","12172","19600","0","0","0","0","0","4900.0","1","1","19600.0","0.0","0","1","0","0.0"
"2026-10-07","8179322743","8804645005343","38710870","맥널티 홀빈 커피원두, 콜롬비아 안데스 오리진 1kg, 1개","87098723601","맥널티 홀빈 커피원두 콜롬비아 안데스 오리진,홀빈(분쇄안함),홀빈(분쇄안함),1kg,1kg,1개,1개","NO","Food","Coffee & Tea","원두","맥널티커피","53580","2","0","32728","53580","0","0","0","0","0","26790.0","2","2","26790.0","33.33333333333333","6","2","0","0.0"
"2026-10-07","6974143978","8804645005312","38710872","맥널티 홀빈 커피원두, 시그니처 블렌드 1kg, 1개","87098723620","맥널티 홀빈 커피원두 시그니처 블렌드,1kg,1kg,1개,1개,홀빈(분쇄안함),홀빈(분쇄안함)","NO","Food","Coffee & Tea","원두","맥널티커피","26510","1","1","16364","26510","0","0","0","0","0","26510.0","2","2","13255.0","10.526315789473683","19","1","0","0.0"
"2026-10-07","6703340843","8804645005350","38813491","맥널티 홀빈 원두 1KG, 브라질 산토스 내추럴, 1개","87125220336","맥널티커피 브라질 산토스 내추럴 원두,1kg,1kg,1개,1개","NO","Food","Coffee & Tea","원두","맥널티커피","111360","4","0","45456","109160","0","2200","0","111360","4","27840.0","4","4","27840.0","36.36363636363637","11","4","0","0.0"
"2026-10-07","6703340843","8804645005350","38813491","맥널티 홀빈 원두 1KG, 브라질 산토스 내추럴, 1개","87149809753","맥널티커피 브라질 산토스 내추럴 원두,1kg,1kg,2개,2개","NO","Food","Coffee & Tea","원두","맥널티커피","111360","4","0","45456","110250","0","1110","0","111360","4","27840.0","1","1","111360.0","50.0","2","2","0","0.0"
"2026-10-07","7560423269","8804645006852","38919334","맥널티 에티오피아 예가체프 홀빈 원두, 1kg, 1개","87160473940","맥널티커피 에티오피아 예가체프 원두,홀빈(분쇄안함),홀빈(분쇄안함),1kg,1kg,1개,1개","NO","Food","Coffee & Tea","원두","맥널티커피","27460","1","0","16364","26910","0","550","0","27460","1","27460.0","1","1","27460.0","4.0","25","1","0","0.0"
"2026-10-07","7747172789","8804645006890","38933766","맥널티커피 스테비아 디카페인 커피믹스, 1개, 100개입 9.5g","87163172745","맥널티커피 스테비아 디카페인 커피믹스,9.5g,9.5g,100개입,100개입,1개,1개","NO","Food","Coffee & Tea","커피믹스","맥널티커피","1181110","47","4","849948","1152980","28130","0","0","50260","2","25130.0","51","49","24104.285714285714","10.537190082644628","484","47","8","4.6"
"2026-10-07","7583747209","8804645006906","39149735","맥널티 스테비아 제로슈가 호두 아몬드 율무차, 1개, 30개입, 450g","87227285583","맥널티커피 스테비아 제로슈가 호두 아몬드 율무차,1개,1개,30개입,30개입,15g,15g","NO","Food","Coffee & Tea","율무/견과차","맥널티커피","59500","5","0","34075","58300","0","1200","0","59500","5","11900.0","5","5","11900.0","11.904761904761903","42","5","0","0.0"
"2026-10-07","8986234461","8804645006913","39149736","맥널티 스테비아 침향 쌍화차, 1개, 30개입, 450g","87227285628","맥널티커피 스테비아 침향 쌍화차,15g,15g,30개입,30개입,1개,1개","NO","Food","Coffee & Tea","기타전통차","맥널티커피","11900","1","0","8536","11660","0","240","0","11900","1","11900.0","1","1","11900.0","33.33333333333333","3","1","0","0.0"
"2026-10-07","7679449609","8804645006937","39616645","맥널티 시그니처 디카페인 커피 원두, 홀빈(분쇄안함), 500g, 1개","87417692694","맥널티커피 시그니처 디카페인 커피 원두,홀빈(분쇄안함),홀빈(분쇄안함),500g,500g,1개,1개","NO","Food","Coffee & Tea","원두","맥널티커피","43330","2","0","25090","42470","0","860","0","43330","2","21665.0","2","2","21665.0","22.22222222222222","9","2","0","0.0"
"2026-10-07","7612947477","8804645006708","39616646","맥널티 게이샤 블렌드 커피 원두, 홀빈(분쇄안함), 500g, 1개","87479322633","맥널티커피 게이샤 블렌드 커피 원두,홀빈(분쇄안함),홀빈(분쇄안함),500g,500g,2개,2개","NO","Food","Coffee & Tea","원두","맥널티커피","57800","4","0","45600","55800","0","2000","0","57800","4","14450.0","2","2","28900.0","20.0","10","2","0","0.0"
"2026-10-07","7612947135","8804645006685","39616647","맥널티 하와이안 코나 블렌드 커피 원두, 홀빈(분쇄안함), 500g, 1개","87479323095","맥널티커피 하와이안 코나 블렌드 커피 원두,홀빈(분쇄안함),홀빈(분쇄안함),500g,500g,2개,2개","NO","Food","Coffee & Tea","원두","맥널티커피","57800","4","0","45600","55800","0","2000","0","57800","4","14450.0","2","2","28900.0","16.666666666666664","12","2","0","0.0"
"2026-10-07","7424862697","18804645006835","40520042","맥널티커피 복숭아 아이스티 제로 RTD, 30개, 240ml","87796328234","맥널티커피 복숭아 아이스티 제로 RTD,240ml,240ml,30개,30개","NO","Food","Drinks","차음료","맥널티커피","55830","3","0","26385","55830","0","0","0","0","0","18610.0","3","3","18610.0","23.076923076923077","13","3","0","0.0"
"2026-10-07","7735491631","8804645006029","26477367","맥널티 리얼 에스프레소샷 블랙 액상스틱커피 15mlx30개입","87867002435","맥널티커피 리얼 에스프레소 샷 블랙 액상 스틱 커피,15ml,15ml,30개입,30개입,1개,1개","YES","Food","Coffee & Tea","원두커피믹스","맥널티커피","59200","4","0","29552","59200","0","0","0","0","0","14800.0","4","4","14800.0","14.814814814814813","27","4","0","0.0"
"2026-10-07","7747172789","8804645006777","40806729","맥널티 스테비아 디카페인 커피믹스, 1개, 30개입, 285g","87921375710","맥널티커피 스테비아 디카페인 커피믹스,9.5g,9.5g,30개입,30개입,1개,1개","NO","Food","Coffee & Tea","커피믹스","맥널티커피","253000","25","1","158375","238915","9045","5040","0","70840","7","10120.0","26","26","9730.76923076923","9.811320754716983","265","25","3","4.7"
"2026-10-07","7747172789","8804645006777","40806729","맥널티 스테비아 디카페인 커피믹스, 1개, 30개입, 285g","87980929557","맥널티커피 스테비아 디카페인 커피믹스,9.5g,9.5g,30개입,30개입,2개,2개","NO","Food","Coffee & Tea","커피믹스","맥널티커피","35800","4","0","25340","35080","0","720","0","35800","4","8950.0","2","2","17900.0","33.33333333333333","6","2","0","0.0"
"2026-10-07","7743812297","8804645006951","41175263","맥널티커피 스테비아 꿀 유자차, 1개, 30개입, 450g","88083709912","맥널티커피 스테비아 꿀 유자차,15g,15g,30개입,30개입,1개,1개","NO","Food","Coffee & Tea","기타전통차","맥널티커피","83300","7","1","51716","81620","0","1440","0","83300","7","11900.0","7","7","11900.0","12.962962962962962","54","7","0","0.0"
"2026-10-07","7592895409","8804645003653","41391235","맥널티 행복을주는커피 시그니처 블렌드 핸드드립 커피 20개입, 1개, 8g","88182430243","맥널티커피 행복을 주는 시그니처 블렌드 핸드드립 커피,8g,8g,20개입,20개입,1개,1개","NO","Food","Coffee & Tea","드립백/티백","맥널티커피","154700","13","0","88335","147500","0","7200","0","142800","12","11900.0","13","13","11900.0","13.402061855670103","97","13","0","0.0"
"2026-10-07","7851778797","8804645100208","45570","맥널티_헤이즐넛원두분쇄커피_226G","88459776890","맥널티커피 리치 헤이즐넛향 분쇄 원두 핸드드립,226g,226g,1개,1개,핸드드립,핸드드립","YES","Food","Coffee & Tea","원두","맥널티커피","19600","2","0","9984","19200","0","400","0","19600","2","9800.0","2","2","9800.0","9.090909090909092","22","2","0","0.0"
"2026-10-07","7852071135","8804645006340","34834818","맥널티 스테비아 제로슈가 핫초코 라떼 30개입 15g","88460879867","맥널티커피 스테비아 제로슈가 핫초코 라떼,15g,15g,30개입,30개입,1개,1개","YES","Food","Coffee & Tea","라떼분말","맥널티커피","24840","2","0","15000","24840","0","0","0","0","0","12420.0","2","2","12420.0","14.285714285714285","14","2","0","0.0"
"2026-10-07","7863543179","8804645006067","25240400","맥널티 스테비아 커피믹스 100개입","88808534284","맥널티커피 스테비아 커피믹스,9.5g,9.5g,100개입,100개입,2개,2개","NO","Food","Coffee & Tea","커피믹스","맥널티커피","251600","12","2","155520","237720","0","5040","0","251600","12","20966.666666666668","7","6","41933.333333333336","31.818181818181817","22","6","0","0.0"
"2026-10-07","7973231891","8804645006890","38933766","맥널티커피 스테비아 디카페인 커피믹스, 1개, 100개입 9.5g","89137626129","맥널티커피 스테비아 디카페인 커피믹스,9.5g,9.5g,100개입,100개입,1개,1개","YES","Food","Coffee & Tea","커피믹스","맥널티커피","50260","2","0","36168","50260","0","0","0","0","0","25130.0","2","2","25130.0","40.0","5","2","0","0.0"
"2026-10-07","7973231936","8804645006777","40806729","맥널티 스테비아 디카페인 커피믹스, 1개, 30개입, 285g","89137626209","맥널티커피 스테비아 디카페인 커피믹스,9.5g,9.5g,30개입,30개입,1개,1개","YES","Food","Coffee & Tea","커피믹스","맥널티커피","10120","1","0","6335","9280","0","840","0","10120","1","10120.0","1","1","10120.0","16.666666666666664","6","1","0","0.0"
"2026-10-07","7973231982","8804645006258","26870612","맥널티 핸드드립 버라이어티세트 30개입","89137626303","맥널티커피 핸드드립 버라이어티 원두커피 세트 30개입,커피 5종,커피 5종,1세트,1세트","YES","Food","Coffee & Tea","커피세트","맥널티커피","18900","1","0","9395","18900","0","0","0","0","0","18900.0","1","1","18900.0","10.0","10","1","0","0.0"
"2026-10-07","8267608006","8804645007071","45580036","맥널티 청매실 에이드 190ml*10개입","89717767133","맥널티커피 청매실 에이드,190ml,190ml,10개,10개","NO","Food","Drinks","과일음료","맥널티커피","6000","1","0","3486","6000","0","0","0","0","0","6000.0","1","1","6000.0","10.0","10","1","1","5.0"
"2026-10-07","8087407248","8804645007118","46534985","아이브루 플러스 디카페인 아메리카노 블랙커피, 1개, 80개입, 80g","90042179336","아이브루 플러스 디카페인 블랙커피,1g,1g,80개입,80개입,1개,1개","NO","Food","Coffee & Tea","원두커피믹스","아이브루","332940","31","0","246884","332940","0","0","0","0","0","10740.0","31","31","10740.0","5.984555984555985","518","31","4","4.8"
"2026-10-07","8135360870","8804645006067","25240400","맥널티 스테비아 커피믹스 100개입","90141923560","맥널티커피 스테비아 커피믹스,9.5g,9.5g,100개입,100개입,1개,1개","YES","Food","Coffee & Tea","커피믹스","맥널티커피","146800","7","0","90720","143860","0","2940","0","146800","7","20971.428571428572","7","7","20971.428571428572","12.962962962962962","54","7","1","5.0"
"2026-10-07","8103370411","8804645007187","47303765","산양유 단백질 프로틴 스테비아 커피믹스, 1개, 100개입, 1000g","90271918990","맥널티커피 산양유 단백질 스테비아 커피믹스,10g,10g,100개입,100개입,1개,1개","NO","Food","Coffee & Tea","커피믹스","맥널티커피","156450","5","0","99940","156450","0","0","0","0","0","31290.0","5","5","31290.0","2.5510204081632653","196","5","0","0.0"
"2026-10-07","8191680703","8804645007262","48074657","맥널티 브라질 세라도 분쇄 원두 커피, 1개, 500g","90530021242","맥널티커피 브라질 세라도 싱글 오리진 분쇄 원두 커피,에스프레소,에스프레소,500g,500g,1개,1개","NO","Food","Coffee & Tea","원두","맥널티커피","63600","4","0","37580","62320","0","1280","0","63600","4","15900.0","4","4","15900.0","13.333333333333334","30","4","6","5.0"
"2026-10-07","8179322743","8804645007255","48074658","맥널티 콜롬비아 안데스 분쇄 원두 커피, 1개, 500g","90530021252","맥널티커피 콜롬비아 안데스 싱글 오리진 분쇄 원두 커피,에스프레소,에스프레소,500g,500g,1개,1개","NO","Food","Coffee & Tea","원두","맥널티커피","31800","2","0","19972","31480","0","320","0","15900","1","15900.0","2","2","15900.0","11.76470588235294","17","2","0","0.0"
"2026-10-07","8179325783","8804645007231","48074659","맥널티 에티오피아 예가체프 분쇄 원두 커피, 1개, 500g","90530021267","맥널티커피 에티오피아 예가체프 싱글 오리진 분쇄 원두 커피,에스프레소,에스프레소,500g,500g,1개,1개","NO","Food","Coffee & Tea","원두","맥널티커피","206700","13","2","129818","202540","0","3520","0","174900","11","15900.0","15","15","13780.0","21.428571428571427","70","13","1","5.0"
"2026-10-07","8200404313","18804645007290","48466205","맥널티 대용량 제로슈가 스테비아 믹스커피 음료, 12개, 1L","90674710122","맥널티커피 스테비아 커피믹스,1L,1L,12개,12개","NO","Food","Drinks","커피음료","맥널티커피","319800","13","0","221871","306800","0","13000","0","319800","13","24600.0","13","13","24600.0","24.074074074074073","54","13","1","5.0"
"2026-10-07","8316110782","8804645003936","13277718","맥널티 행복을 주는 커피 브라질 산토스 1kg","91020920070","맥널티커피 행복을 주는 커피 원두 브라질 산토스,핸드드립,핸드드립,1kg,1kg,1개,1개","YES","Food","Coffee & Tea","원두","맥널티커피","49800","2","0","28182","48800","0","1000","0","49800","2","24900.0","2","2","24900.0","66.66666666666666","3","2","0","0.0"
"2026-10-07","8316137975","8804645005862","24695531","아이스 아메리카노 스위트 190mL 10팩","91021028383","맥널티커피 아이스 아메리카노 스위트,190ml,190ml,10개,10개","YES","Food","Drinks","커피음료","맥널티커피","22500","5","0","17430","22500","0","0","0","0","0","4500.0","5","5","4500.0","7.352941176470589","68","5","0","0.0"
"2026-10-07","8316137975","8804645005862","24695531","아이스 아메리카노 스위트 190mL 10팩","91021028406","맥널티커피 아이스 아메리카노 스위트,190ml,190ml,20개,20개","YES","Food","Drinks","커피음료","맥널티커피","9000","2","0","6972","9000","0","0","0","0","0","4500.0","1","1","9000.0","50.0","2","1","0","0.0"
"2026-10-07","8316138028","8804645005879","24695530","아이스 헤이즐넛향 커피 190mL 10팩","91021028482","맥널티커피 아이스 헤이즐넛향 커피,190ml,190ml,10개,10개","YES","Food","Drinks","커피음료","맥널티커피","12240","2","0","6972","12240","0","0","0","0","0","6120.0","2","2","6120.0","33.33333333333333","6","2","0","0.0"
"2026-10-07","8316138479","8804645005893","24752132","청포도 에이드 190mL 10팩","91021029696","맥널티커피 청포도 에이드,190ml,190ml,30개,30개","YES","Food","Drinks","과일음료","맥널티커피","15990","3","0","10458","15990","0","0","0","0","0","5330.0","1","1","15990.0","0.0","0","1","0","0.0"
"2026-10-07","8421603857","8804645000348","3067433","산지별 에티오피아 코케 허니 핸드드립커피 7개입","91374530029","맥널티커피 에티오피아 코케 허니 핸드드립 원두,8g,8g,7개입,7개입,1개,1개","YES","Food","Coffee & Tea","드립백/티백","맥널티커피","5870","1","0","2910","5870","0","0","0","0","0","5870.0","1","1","5870.0","4.3478260869565215","23","1","0","0.0"
"2026-10-07","8421604122","8804645000720","10003518","케냐 AA 핸드드립 블렌드 24개입","91374530612","맥널티커피 케냐 AA 핸드드립 원두커피,8g,8g,24개입,24개입,1개,1개","YES","Food","Coffee & Tea","드립백/티백","맥널티","14160","1","0","6797","14160","0","0","0","0","0","14160.0","1","1","14160.0","20.0","5","1","0","0.0"
"2026-10-07","8421604976","19311931309161","10837643","맥널티 병커피 헤이즐넛향 50gx10개","91374532715","프라이빗클럽 맥널티 헤이즐넛향 병커피,50g,50g,1개입,1개입,10개,10개","YES","Food","Coffee & Tea","원두커피믹스","프라이빗클럽","94660","2","0","46000","92760","0","1900","0","94660","2","47330.0","2","2","47330.0","33.33333333333333","6","2","0","0.0"
"2026-10-07","8421621122","8804645006081","29461862","맥널티 아메리카노 아이스 블랙 100개입","91374594007","맥널티커피 아메리카노 아이스 블랙 커피믹스,1g,1g,100개입,100개입,1개,1개","YES","Food","Coffee & Tea","커피믹스","맥널티커피","10900","1","0","5850","10680","0","220","0","10900","1","10900.0","1","1","10900.0","0.0","0","1","0","0.0"
"2026-10-07","8421622249","8804645006616","37713094","맥널티 핸드드립커피 케냐AA(더블에이) 36개입, 8g, 1개","91374597035","맥널티커피 케냐 AA 핸드드립 원두커피,8g,8g,36개입,36개입,1개,1개","YES","Food","Coffee & Tea","드립백/티백","맥널티커피","39800","2","0","23518","39800","0","0","0","0","0","19900.0","2","2","19900.0","66.66666666666666","3","2","0","0.0"
"2026-10-07","8421622441","8804645006395","36903434","맥널티 아이브루 플러스 헤이즐넛 블랙커피 100개입","91374597513","아이브루 플러스 공정무역 헤이즐넛 블랙커피,100개입,100개입,1개,1개,1g,1g","YES","Food","Coffee & Tea","원두커피믹스","아이브루","19080","2","0","15246","19080","0","0","0","0","0","9540.0","2","2","9540.0","4.545454545454546","44","2","0","0.0"
"2026-10-07","8421635713","8804645005350","38813491","맥널티 홀빈 원두 1KG, 브라질 산토스 내추럴, 1개","91374643183","맥널티커피 브라질 산토스 내추럴 원두,홀빈(분쇄안함),홀빈(분쇄안함),1kg,1kg,1개,1개","YES","Food","Coffee & Tea","원두","맥널티커피","27840","1","0","11364","27290","0","550","0","27840","1","27840.0","1","1","27840.0","14.285714285714285","7","1","0","0.0"
"2026-10-07","8421635750","8804645006906","39149735","맥널티 스테비아 제로슈가 호두 아몬드 율무차, 1개, 30개입, 450g","91374643199","맥널티커피 스테비아 제로슈가 호두 아몬드 율무차,1개,1개,30개입,30개입,15g,15g","YES","Food","Coffee & Tea","율무/견과차","맥널티커피","0","0","1","0","-240","0","0","0","0","0","0.0","1","1","0.0","20.0","5","0","0","0.0"
"2026-10-07","8421636172","8804645003653","41391235","맥널티 행복을주는커피 시그니처 블렌드 핸드드립 커피 20개입, 1개, 8g","91374643936","맥널티커피 행복을 주는 시그니처 블렌드 핸드드립 커피,8g,8g,20개입,20개입,1개,1개","YES","Food","Coffee & Tea","드립백/티백","맥널티커피","35700","3","0","20385","34500","0","1200","0","35700","3","11900.0","2","2","17850.0","33.33333333333333","6","3","0","0.0"
"2026-10-07","8421636778","8804645007118","46534985","아이브루 플러스 디카페인 아메리카노 블랙커피, 1개, 80개입, 80g","91374645033","아이브루 플러스 디카페인 블랙커피,1g,1g,80개입,80개입,1개,1개","YES","Food","Coffee & Tea","원두커피믹스","아이브루","10740","1","0","7964","10740","0","0","0","0","0","10740.0","1","1","10740.0","5.555555555555555","18","1","0","0.0"
"2026-10-07","8421637003","8804645007231","48074659","맥널티 에티오피아 예가체프 분쇄 원두 커피, 1개, 500g","91374645656","맥널티커피 에티오피아 예가체프 싱글 오리진 분쇄 원두 커피,에스프레소,에스프레소,500g,500g,1개,1개","YES","Food","Coffee & Tea","원두","맥널티커피","15900","1","0","9986","15580","0","320","0","15900","1","15900.0","1","1","15900.0","12.5","8","1","0","0.0"
"2026-10-07","8421637007","8804645007255","48074658","맥널티 콜롬비아 안데스 분쇄 원두 커피, 1개, 500g","91374645669","맥널티커피 콜롬비아 안데스 싱글 오리진 분쇄 원두 커피,1개,1개,500g,500g","YES","Food","Coffee & Tea","원두","맥널티커피","15900","1","0","9986","15580","0","320","0","15900","1","15900.0","1","1","15900.0","25.0","4","1","0","0.0"
"2026-10-07","8414447766","9311931902167","52625820","맥널티 인스턴트 원두 병커피 에스프레소 블랙 50g 1개","91388389549","프라이빗클럽 맥널티 인스턴트 원두 병커피 에스프레소 블랙,50g,50g,3개,3개,1개입,1개입","NO","Food","Coffee & Tea","원두커피믹스","프라이빗클럽","13560","3","0","10458","13560","0","0","0","0","0","4520.0","1","1","13560.0","20.0","5","1","0","0.0"
"2026-10-07","8414447766","9311931902167","52625820","맥널티 인스턴트 원두 병커피 에스프레소 블랙 50g 1개","91388389555","프라이빗클럽 맥널티 인스턴트 원두 병커피 에스프레소 블랙,50g,50g,2개,2개,1개입,1개입","NO","Food","Coffee & Tea","원두커피믹스","프라이빗클럽","124020","26","0","90636","124020","0","0","0","0","0","4770.0","13","13","9540.0","1.808066759388039","719","13","1","3.0"
"2026-10-07","8200404313","8804645007323","54922706","맥널티 대용량 제로슈가 스테비아 믹스커피 음료, 1L, 6개","91673775388","맥널티커피 스테비아 커피믹스,1L,1L,6개,6개","NO","Food","Drinks","커피음료","맥널티커피","1212600","94","5","827670","1176820","12900","21840","0","1122300","87","12900.0","97","96","12631.25","4.61684911946692","2101","94","18","4.5"
"2026-10-07","8556802120","8804645007484","56214467","맥널티커피 아이브루 카라멜 마끼아또, 12g x 100개입(스틱), 1200g , 1개","91881316191","맥널티커피 아이브루 카라멜 마끼아또 커피믹스,1개,1개,100개입,100개입,12g,12g","NO","Food","Coffee & Tea","커피믹스","맥널티커피","168860","10","0","125430","168860","0","0","0","0","0","16886.0","10","10","16886.0","8.928571428571429","112","10","2","4.5"
"2026-10-07","8556799790","8804645007460","56214466","맥널티커피 아이브루 바닐라 라떼,12g x 100개입(스틱), 1200g , 1개","91881316202","맥널티커피 아이브루 바닐라 라떼 커피믹스,1개,1개,100개입,100개입,12g,12g","NO","Food","Coffee & Tea","커피믹스","맥널티커피","132300","7","1","87801","130020","0","1900","0","132300","7","18900.0","6","6","22050.0","8.695652173913043","69","7","1","5.0"
"2026-10-07","8664736540","8804645007453","56760693","아이브루 플러스 디카페인 블랙커피 헤이즐넛향 (1g x 80개입), 1개","91973223860","아이브루 플러스 디카페인 헤이즐넛향 블랙커피 원두커피믹스,1g,1g,80개입,80개입,1개,1개","NO","Food","Coffee & Tea","원두커피믹스","아이브루","633340","58","0","461738","633340","0","0","0","0","0","10919.655172413793","58","58","10919.655172413793","8.579881656804734","676","58","3","4.3"
"2026-10-07","8664736540","8804645007453","56760693","아이브루 플러스 디카페인 블랙커피 헤이즐넛향 (1g x 80개입), 1개","91979411137","아이브루 플러스 디카페인 헤이즐넛향 블랙커피 원두커피믹스,1g,1g,80개입,80개입,2개,2개","NO","Food","Coffee & Tea","원두커피믹스","아이브루","65460","6","0","47766","65460","0","0","0","0","0","10910.0","3","3","21820.0","15.0","20","3","0","0.0"
"2026-10-07","8784725489","8804645007590","58338694","티브루 보리차 원액 간편 액상스틱 진액, 30개, 10ml","92219561450","맥널티커피 티브루 보리차 진액,10ml,10ml,30개,30개","NO","Food","Drinks","농축액(음료베이스)","맥널티","317070","39","0","206154","306366","10704","0","0","16260","2","8130.0","37","37","8569.45945945946","9.273182957393484","399","39","6","4.8"
"2026-10-07","8678251986","8804645007613","58338696","티브루 헛개수 원액 간편 액상스틱 진액, 30개, 10ml","92219561465","맥널티 티브루 헛개차 진액,30개,30개,10ml,10ml","NO","Food","Drinks","농축액(음료베이스)","맥널티","187110","21","0","110607","187110","0","0","0","0","0","8910.0","18","18","10395.0","20.224719101123593","89","21","5","4.0"
"2026-10-07","8796750875","8804645007606","58338695","티브루 옥수수수염차 원액 간편 액상스틱 진액, 30개, 10ml","92219561488","맥널티 티브루 옥수수수염차 진액 액상스틱,10ml,10ml,30개,30개","NO","Food","Drinks","농축액(음료베이스)","맥널티","81300","10","2","52800","81300","0","0","0","0","0","8130.0","12","12","6775.0","14.457831325301203","83","10","1","4.0"
"2026-10-07","8796750875","8804645007606","58338695","티브루 옥수수수염차 원액 간편 액상스틱 진액, 30개, 10ml","92228103775","맥널티 티브루 옥수수수염차 진액 액상스틱,10ml,10ml,60개,60개","NO","Food","Drinks","농축액(음료베이스)","맥널티","161700","22","0","116160","161700","0","0","0","0","0","7350.0","11","11","14700.0","61.111111111111114","18","11","1","5.0"
"2026-10-07","8678251986","8804645007613","58338696","티브루 헛개수 원액 간편 액상스틱 진액, 30개, 10ml","92228103836","맥널티 티브루 헛개차 진액,120개,120개,10ml,10ml","NO","Food","Drinks","농축액(음료베이스)","맥널티","32240","4","0","21068","32240","0","0","0","0","0","8060.0","1","1","32240.0","100.0","1","1","0","0.0"
"2026-10-07","8678251986","8804645007613","58338696","티브루 헛개수 원액 간편 액상스틱 진액, 30개, 10ml","92228103844","맥널티 티브루 헛개차 진액,90개,90개,10ml,10ml","NO","Food","Drinks","농축액(음료베이스)","맥널티","26080","3","0","15801","26080","0","0","0","0","0","8693.333333333334","1","1","26080.0","33.33333333333333","3","1","0","0.0"
"2026-10-07","8678251986","8804645007613","58338696","티브루 헛개수 원액 간편 액상스틱 진액, 30개, 10ml","92228103864","맥널티 티브루 헛개차 진액,60개,60개,10ml,10ml","NO","Food","Drinks","농축액(음료베이스)","맥널티","121730","14","0","73738","121730","0","0","0","0","0","8695.0","7","7","17390.0","17.94871794871795","39","7","0","0.0"
"2026-10-07","8784725489","8804645007590","58338694","티브루 보리차 원액 간편 액상스틱 진액, 30개, 10ml","92228103875","맥널티커피 티브루 보리차 진액,10ml,10ml,60개,60개","NO","Food","Drinks","농축액(음료베이스)","맥널티","241760","32","2","169152","241760","0","0","0","0","0","7555.0","16","16","15110.0","34.04255319148936","47","16","0","0.0"
"2026-10-07","8179322743","8804645007552","58681130","콜롬비아 안데스 오리진 분쇄 커피 원두 1개 226g 핸드드립","92277741986","맥널티커피 콜롬비아 안데스 오리진 분쇄 커피 원두,핸드드립(중간),핸드드립(중간),226g,226g,1개,1개","NO","Food","Coffee & Tea","원두","맥널티커피","75000","6","1","42954","69250","4000","1500","0","75000","6","12500.0","7","6","12500.0","4.895104895104895","143","6","1","5.0"
"2026-10-07","8700740916","8804645007545","58681131","브라질 산토스 오리진 분쇄 커피 원두, 226g, 1개, 핸드드립","92277741990","맥널티커피 브라질 산토스 오리진 분쇄 커피 원두,226g,226g,1개,1개,핸드드립(중간),핸드드립(중간)","NO","Food","Coffee & Tea","원두","맥널티커피","50000","4","0","28636","49250","0","750","0","50000","4","12500.0","3","3","16666.666666666668","8.571428571428571","35","4","0","0.0"
"2026-10-07","8700683809","8804645007538","58765770","디카페인 헤이즐넛향 분쇄 커피 원두, 1개, 226g, 핸드드립","92290392544","맥널티커피 디카페인 헤이즐넛향 분쇄 원두 커피,1개,1개,226g,226g,핸드드립(중간),핸드드립(중간)","NO","Food","Coffee & Tea","원두","맥널티커피","121500","9","1","72162","119070","0","2160","0","108000","8","13500.0","10","10","12150.0","11.11111111111111","90","9","1","5.0"
"2026-10-07","7612947477","8804645007514","58765769","게이샤 블렌드 분쇄 커피 원두, 1개, 226g, 핸드드립","92290392600","맥널티커피 게이샤 블렌드 분쇄 원두 커피,핸드드립(중간),핸드드립(중간),226g,226g,1개,1개","NO","Food","Coffee & Tea","원두","맥널티커피","26000","2","0","15464","25740","0","260","0","13000","1","13000.0","2","2","13000.0","2.941176470588235","68","2","0","0.0"
"2026-10-07","8700683809","8804645007538","58765770","디카페인 헤이즐넛향 분쇄 커피 원두, 1개, 226g, 핸드드립","92296505932","맥널티커피 디카페인 헤이즐넛향 분쇄 원두 커피,6개,6개,226g,226g,핸드드립(중간),핸드드립(중간)","NO","Food","Coffee & Tea","원두","맥널티커피","81000","6","0","48108","79380","0","1620","0","81000","6","13500.0","1","1","81000.0","0.0","0","1","0","0.0"
"2026-10-07","8700683809","8804645007538","58765770","디카페인 헤이즐넛향 분쇄 커피 원두, 1개, 226g, 핸드드립","92296505933","맥널티커피 디카페인 헤이즐넛향 분쇄 원두 커피,2개,2개,226g,226g,핸드드립(중간),핸드드립(중간)","NO","Food","Coffee & Tea","원두","맥널티커피","54000","4","0","32072","52920","0","1080","0","54000","4","13500.0","2","2","27000.0","28.57142857142857","7","2","0","0.0"
"2026-10-07","7612947135","8804645007521","58850533","하와이안 코나 블렌드 분쇄 커피 원두, 1개, 226g, 핸드드립","92306876899","맥널티커피 하와이안 코나 블렌드 분쇄 커피 원두,핸드드립(중간),핸드드립(중간),226g,226g,1개,1개","NO","Food","Coffee & Tea","원두","맥널티커피","39000","3","0","23196","38220","0","780","0","39000","3","13000.0","3","3","13000.0","2.727272727272727","110","3","0","0.0"
"2026-10-07","8200404313","18804645007290","48466205","맥널티 대용량 제로슈가 스테비아 믹스커피 음료, 12개, 1L","92418183676","맥널티커피 스테비아 커피믹스,1L,1L,24개,24개","NO","Food","Drinks","커피음료","맥널티커피","49200","2","0","34134","46710","0","2490","0","49200","2","24600.0","1","1","49200.0","6.666666666666667","15","1","0","0.0"
"2026-10-07","8288508361","8804645006395","36903434","맥널티 아이브루 플러스 헤이즐넛 블랙커피 100개입","92556294543","아이브루 플러스 공정무역 헤이즐넛 블랙커피,1g,1g,100개입,100개입,3개,3개","NO","Food","Coffee & Tea","원두커피믹스","아이브루","28620","3","0","22869","28620","0","0","0","0","0","9540.0","1","1","28620.0","0.0","0","1","0","0.0"
"2026-10-07","8302244","8804645100468","45572","맥널티_헤이즐넛원두분쇄커피_500G","92620803728","맥널티커피 리치 헤이즐넛향 분쇄 원두 핸드드립,500g,500g,5개,5개","NO","Food","Coffee & Tea","원두","맥널티커피","74500","5","0","39800","74500","0","0","0","0","0","14900.0","1","1","74500.0","0.0","0","1","0","0.0"
"2026-10-07","8179325783","8804645007231","48074659","맥널티 에티오피아 예가체프 분쇄 원두 커피, 1개, 500g","92621358128","맥널티커피 에티오피아 예가체프 싱글 오리진 분쇄 원두 커피,에스프레소,에스프레소,500g,500g,4개,4개","NO","Food","Coffee & Tea","원두","맥널티커피","63600","4","0","39944","62320","0","1280","0","63600","4","15900.0","1","1","63600.0","25.0","4","1","0","0.0"
"2026-10-07","8814767699","8804645007453","56760693","아이브루 플러스 디카페인 블랙커피 헤이즐넛향 (1g x 80개입), 1개","92672212799","아이브루 플러스 디카페인 헤이즐넛향 블랙커피 원두커피믹스,1g,1g,80개입,80개입,1개,1개","YES","Food","Coffee & Tea","원두커피믹스","아이브루","32730","3","0","23883","32730","0","0","0","0","0","10910.0","3","3","10910.0","27.27272727272727","11","3","0","0.0"
"2026-10-07","8784725489","8804645007590","58338694","티브루 보리차 원액 간편 액상스틱 진액, 30개, 10ml","92680979394","맥널티커피 티브루 보리차 진액,10ml,10ml,180개,180개","NO","Food","Drinks","농축액(음료베이스)","맥널티","82480","12","0","63432","82480","0","0","0","0","0","6873.333333333333","2","2","41240.0","200.0","1","2","0","0.0"
"2026-10-07","8784725489","8804645007590","58338694","티브루 보리차 원액 간편 액상스틱 진액, 30개, 10ml","92680979513","맥널티커피 티브루 보리차 진액,10ml,10ml,150개,150개","NO","Food","Drinks","농축액(음료베이스)","맥널티","35650","5","0","26430","35650","0","0","0","0","0","7130.0","1","1","35650.0","0.0","0","1","0","0.0"
"2026-10-07","8157289284","8804645006739","61673272","맥널티커피 복숭아 아이스티 제로, 1.5L, 1개","92867142451","맥널티커피 복숭아 아이스티 제로,1.5L,1.5L,4개,4개","NO","Food","Drinks","차음료","맥널티커피","17600","8","0","10912","17240","0","360","0","17600","8","2200.0","2","2","8800.0","18.181818181818183","11","2","0","0.0"
"2026-10-07","8157289284","8804645006739","61673272","맥널티커피 복숭아 아이스티 제로, 1.5L, 1개","92867142466","맥널티커피 복숭아 아이스티 제로,1.5L,1.5L,3개,3개","NO","Food","Drinks","차음료","맥널티커피","99000","45","3","61380","96760","0","2100","0","99000","45","2200.0","16","16","6187.5","17.02127659574468","94","15","0","0.0"
"2026-10-07","8157289284","8804645006739","61673272","맥널티커피 복숭아 아이스티 제로, 1.5L, 1개","92867142467","맥널티커피 복숭아 아이스티 제로,1.5L,1.5L,5개,5개","NO","Food","Drinks","차음료","맥널티커피","22000","10","0","13640","21560","0","440","0","22000","10","2200.0","2","2","11000.0","22.22222222222222","9","2","0","0.0"
"2026-10-07","8157289284","8804645006739","61673272","맥널티커피 복숭아 아이스티 제로, 1.5L, 1개","92867142468","맥널티커피 복숭아 아이스티 제로,1.5L,1.5L,6개,6개","NO","Food","Drinks","차음료","맥널티커피","132000","60","0","81840","129300","0","2700","0","132000","60","2200.0","10","10","13200.0","37.03703703703704","27","10","1","5.0"
"2026-10-07","8939057954","8804645007620","62672352","맥널티 아이브루 플러스 스위트 블랙 원두커피믹스 80개입 2.8g","93118697467","맥널티커피 아이브루 플러스 스위트 블랙 원두커피믹스,2.8g,2.8g,80개입,80개입,1개,1개","NO","Food","Coffee & Tea","원두커피믹스","맥널티커피","26560","2","0","15922","26560","0","0","0","0","0","13280.0","2","2","13280.0","1.4388489208633095","139","2","0","0.0"
"2026-10-07","8288498794","8804645006920","62821923","맥널티 핸드드립 커피 에티오피아 예가체프 8g 24개입 1개","93160224250","맥널티커피 에티오피아 예가체프 핸드드립 커피,8g,8g,24개입,24개입,1개,1개","NO","Food","Coffee & Tea","드립백/티백","맥널티커피","14900","1","0","9679","14900","0","0","0","0","0","14900.0","1","1","14900.0","2.7777777777777777","36","1","0","0.0"
"2026-10-07","8288498794","8804645006920","62821923","맥널티 핸드드립 커피 에티오피아 예가체프 8g 24개입 1개","93169389021","맥널티커피 에티오피아 예가체프 핸드드립 커피,8g,8g,24개입,24개입,2개,2개","NO","Food","Coffee & Tea","드립백/티백","맥널티커피","59600","4","0","38716","59600","0","0","0","0","0","14900.0","2","2","29800.0","0.0","0","2","0","0.0"
"2026-10-07","8943722025","8804645007651","62882483","티브루 보리차 진액, 1개, 400g","93185426248","맥널티 티브루 보리차 진액,2개,2개,400g,400g","NO","Food","Drinks","농축액(음료베이스)","맥널티커피","25800","2","0","15382","24000","0","1800","0","25800","2","12900.0","1","1","25800.0","100.0","1","1","1","5.0"
"2026-10-07","8989761224","8804645300950","12491225","맥널티 핸드드립 커피필터 30개입","93308601189","맥널티커피  핸드드립 커피필터,30개입,30개입,1개,1개","YES","Kitchen","Tools & Gadgets","커피필터/여과지","맥널티","17200","4","0","10948","17200","0","0","0","0","0","4300.0","4","4","4300.0","133.33333333333331","3","4","1","5.0"
"2026-10-07","8992141532","8804645007637","63447822","스테비아 커피믹스 헤이즐넛향 9.5g 30개입 1개","93318568356","맥널티커피 스테비아 커피믹스 헤이즐넛향,9.5g,9.5g,30개입,30개입,1개,1개","NO","Food","Coffee & Tea","커피믹스","맥널티커피","155400","20","0","96540","155400","0","0","0","0","0","7770.0","20","20","7770.0","10.638297872340425","188","20","3","4.0"
"2026-10-07","8992141532","8804645007637","63447822","스테비아 커피믹스 헤이즐넛향 9.5g 30개입 1개","93325956037","맥널티커피 스테비아 커피믹스 헤이즐넛향,9.5g,9.5g,30개입,30개입,2개,2개","NO","Food","Coffee & Tea","커피믹스","맥널티커피","15540","2","0","9654","15540","0","0","0","0","0","7770.0","1","1","15540.0","50.0","2","1","0","0.0"
"2026-10-07","9072225100","8804645007675","64842417","티브루 호박팥차 진액 10ml 30개입 1개","93616956467","맥널티 티브루 호박팥차 진액,1개,1개,30개입,30개입,10ml,10ml","NO","Food","Coffee & Tea","율무/견과차","맥널티","356400","36","1","189432","348345","855","7000","0","356400","36","9900.0","36","36","9900.0","6.4981949458483745","554","36","4","4.3"
"2026-10-07","9074685478","8804645007668","64859139","맥널티 스테비아 솔티드 카라멜 커피믹스 10g 1개 30개입","93626471781","맥널티커피 스테비아 솔티드 카라멜 커피믹스,10g,10g,30개입,30개입,1개,1개","NO","Food","Coffee & Tea","커피믹스","맥널티커피","18920","2","0","11340","18920","0","0","0","0","0","9460.0","2","2","9460.0","2.564102564102564","78","2","1","5.0"
"2026-10-07","9074685478","8804645007668","64859139","맥널티 스테비아 솔티드 카라멜 커피믹스 10g 1개 30개입","93634956496","맥널티커피 스테비아 솔티드 카라멜 커피믹스,10g,10g,30개입,30개입,2개,2개","NO","Food","Coffee & Tea","커피믹스","맥널티커피","17800","2","0","11340","17500","0","300","0","17800","2","8900.0","1","1","17800.0","50.0","2","1","0","0.0"
"2026-10-07","9223273138","8804645007323","54922706","맥널티 대용량 제로슈가 스테비아 믹스커피 음료, 1L, 6개","94224202463","맥널티커피 스테비아 커피믹스,1L,1L,6개,6개","YES","Food","Drinks","커피음료","맥널티커피","64500","5","0","44025","63200","0","1300","0","64500","5","12900.0","5","5","12900.0","62.5","8","5","0","0.0"
"2026-10-07","9223310411","8804645006739","61673272","맥널티커피 복숭아 아이스티 제로, 1.5L, 1개","94224367811","맥널티커피 복숭아 아이스티 제로,1.5L,1.5L,4개,4개","YES","Food","Drinks","차음료","맥널티커피","8800","4","0","5456","8800","0","0","0","0","0","2200.0","1","1","8800.0","0.0","0","1","0","0.0"
"2026-10-07","9223310411","8804645006739","61673272","맥널티커피 복숭아 아이스티 제로, 1.5L, 1개","94224367818","맥널티커피 복숭아 아이스티 제로,1.5L,1.5L,3개,3개","YES","Food","Drinks","차음료","맥널티커피","13200","6","0","8184","13200","0","0","0","0","0","2200.0","2","2","6600.0","15.384615384615385","13","2","0","0.0"
"2026-10-07","9223310411","8804645006739","61673272","맥널티커피 복숭아 아이스티 제로, 1.5L, 1개","94224368460","맥널티커피 복숭아 아이스티 제로,1.5L,1.5L,2개,2개","YES","Food","Drinks","차음료","맥널티커피","22000","10","0","13640","22000","0","0","0","0","0","2200.0","5","5","4400.0","13.88888888888889","36","5","0","0.0"
"2026-10-07","9239306730","8804645007781","67975031","호랭이 커피 오곡향 블랙, 1개, 20개입, 1g","94320932957","맥널티커피 호랭이 커피스틱 오곡향 블랙,6개,6개,20개입,20개입,1g,1g","NO","Food","Coffee & Tea","원두커피믹스","맥널티커피","37800","12","0","33672","37800","0","0","0","0","0","3150.0","2","2","18900.0","10.526315789473683","19","2","1","5.0"
"2026-10-07","9239306730","8804645007781","67975031","호랭이 커피 오곡향 블랙, 1개, 20개입, 1g","94320932959","맥널티커피 호랭이 커피스틱 오곡향 블랙,2개,2개,20개입,20개입,1g,1g","NO","Food","Coffee & Tea","원두커피믹스","맥널티커피","7300","2","0","5612","7300","0","0","0","0","0","3650.0","1","1","7300.0","3.4482758620689653","29","1","2","5.0"
"2026-10-07","9239306730","8804645007781","67975031","호랭이 커피 오곡향 블랙, 1개, 20개입, 1g","94320932978","맥널티커피 호랭이 커피스틱 오곡향 블랙,3개,3개,20개입,20개입,1g,1g","NO","Food","Coffee & Tea","원두커피믹스","맥널티커피","10200","3","0","8418","10200","0","0","0","0","0","3400.0","1","1","10200.0","20.0","5","1","0","0.0"
"2026-10-07","8833324061","8804645007491","68778942","아이브루 아메리카노 블랙커피 무라벨 400ML 20개","94529638880","맥널티커피 아이브루 아메리카노 블랙커피 무라벨,400ml,400ml,20개,20개","NO","Food","Drinks","커피음료","맥널티커피","3520800","228","10","2743752","3235947","10053","264000","0","3520800","228","15442.105263157895","230","226","15578.761061946903","14.556962025316455","1580","228","16","4.9"
"2026-10-07","8746655772","18804645007504","68778941","맥널티 아이브루 헤이즐넛향 블랙커피 12개 1L","94529638884","맥널티커피 아이브루 헤이즐넛향 블랙커피,12개,12개,1L,1L","NO","Food","Drinks","커피음료","맥널티커피","615400","34","1","406062","573400","0","40800","0","615400","34","18100.0","35","35","17582.85714285714","12.280701754385964","285","34","5","5.0"
"2026-10-07","8214108205","18804645007306","68778940","맥널티 아이브루 아메리카노 블랙커피 12개 1L","94529638892","맥널티커피 아이브루 아메리카노 블랙커피,1L,1L,12개,12개","NO","Food","Drinks","커피음료","맥널티커피","3221800","178","1","2134220","3017400","4000","199200","0","3221800","178","18100.0","168","167","19292.215568862277","15.04028648164727","1117","178","14","4.7"
"2026-10-07","8746655772","18804645007504","68778941","맥널티 아이브루 헤이즐넛향 블랙커피 12개 1L","94538485437","맥널티커피 아이브루 헤이즐넛향 블랙커피,24개,24개,1L,1L","NO","Food","Drinks","커피음료","맥널티커피","108600","6","0","71658","101400","0","7200","0","108600","6","18100.0","3","3","36200.0","75.0","4","3","1","5.0"
"2026-10-07","8833324061","8804645007491","68778942","아이브루 아메리카노 블랙커피 무라벨 400ML 20개","94538485465","맥널티커피 아이브루 아메리카노 블랙커피 무라벨,400ml,400ml,60개,60개","NO","Food","Drinks","커피음료","맥널티커피","317100","21","0","252714","295500","0","21600","0","317100","21","15100.0","6","6","52850.0","200.0","3","7","0","0.0"
"2026-10-07","8214108205","18804645007306","68778940","맥널티 아이브루 아메리카노 블랙커피 12개 1L","94538485615","맥널티커피 아이브루 아메리카노 블랙커피,1L,1L,24개,24개","NO","Food","Drinks","커피음료","맥널티커피","337150","20","2","239800","337150","0","0","0","0","0","16857.5","11","11","30650.0","32.35294117647059","34","10","0","0.0"
"2026-10-07","8214108205","18804645007306","68778940","맥널티 아이브루 아메리카노 블랙커피 12개 1L","94538485701","맥널티커피 아이브루 아메리카노 블랙커피,1L,1L,36개,36개","NO","Food","Drinks","커피음료","맥널티커피","101140","6","0","71940","87140","14000","0","0","50580","3","16856.666666666668","2","2","50570.0","200.0","1","2","0","0.0"
"2026-10-07","8214108205","18804645007306","68778940","맥널티 아이브루 아메리카노 블랙커피 12개 1L","94538485705","맥널티커피 아이브루 아메리카노 블랙커피,1L,1L,48개,48개","NO","Food","Drinks","커피음료","맥널티커피","67410","4","0","47960","67410","0","0","0","0","0","16852.5","1","1","67410.0","33.33333333333333","3","1","1","5.0"
"2026-10-07","8833324061","8804645007491","68778942","아이브루 아메리카노 블랙커피 무라벨 400ML 20개","94538485746","맥널티커피 아이브루 아메리카노 블랙커피 무라벨,400ml,400ml,80개,80개","NO","Food","Drinks","커피음료","맥널티커피","181200","12","0","144408","166800","0","14400","0","181200","12","15100.0","3","3","60400.0","100.0","3","3","0","0.0"
"2026-10-07","8833324061","8804645007491","68778942","아이브루 아메리카노 블랙커피 무라벨 400ML 20개","94538485833","맥널티커피 아이브루 아메리카노 블랙커피 무라벨,400ml,400ml,40개,40개","NO","Food","Drinks","커피음료","맥널티커피","771000","50","0","601700","705136","8264","57600","0","771000","50","15420.0","24","24","32125.0","70.58823529411765","34","25","0","0.0"
"2026-10-07","8214108205","18804645007306","68778940","맥널티 아이브루 아메리카노 블랙커피 12개 1L","94538485847","맥널티커피 아이브루 아메리카노 블랙커피,1L,1L,60개,60개","NO","Food","Drinks","커피음료","맥널티커피","84310","5","0","59950","76310","8000","0","0","84310","5","16862.0","1","1","84310.0","20.0","5","1","0","0.0"
"2026-10-07","9334231304","8804645007842","69526598","맥널티 갓성비 제로슈가 커피믹스, 1개, 80개입, 9g","94707153018","맥널티커피 갓성비 제로슈가 커피믹스,1개,1개,80개입,80개입,9g,9g","NO","Food","Coffee & Tea","커피믹스","맥널티커피","486500","35","2","309890","486500","0","0","0","0","0","13900.0","37","36","13513.888888888889","6.571936056838366","563","35","3","4.7"
"2026-10-07","9334231304","8804645007842","69526598","맥널티 갓성비 제로슈가 커피믹스, 1개, 80개입, 9g","94716499923","맥널티커피 갓성비 제로슈가 커피믹스,2개,2개,80개입,80개입,9g,9g","NO","Food","Coffee & Tea","커피믹스","맥널티커피","111200","8","0","70832","83400","27800","0","0","27800","2","13900.0","4","4","27800.0","66.66666666666666","6","4","0","0.0"
"2026-10-07","8992141532","8804645007811","69634259","맥널티커피 스테비아 커피믹스 헤이즐넛향, 9.5g, 100개입, 1개","94732664312","맥널티커피 스테비아 커피믹스 헤이즐넛향,9.5g,9.5g,100개입,100개입,1개,1개","NO","Food","Coffee & Tea","커피믹스","맥널티커피","198300","10","1","142610","198300","0","0","0","0","0","19830.0","11","10","19830.0","15.492957746478872","71","10","0","0.0"
"2026-10-07","9393910904","8804645007675","64842417","티브루 호박팥차 진액 10ml 30개입 1개","94856748698","맥널티 티브루 호박팥차 진액,2개,2개,30개입,30개입,10ml,10ml","YES","Food","Coffee & Tea","율무/견과차","맥널티","37800","4","0","21048","37360","0","440","0","37800","4","9450.0","2","2","18900.0","12.5","16","2","0","0.0"
"2026-10-07","9393910904","8804645007675","64842417","티브루 호박팥차 진액 10ml 30개입 1개","94856748699","맥널티 티브루 호박팥차 진액,3개,3개,30개입,30개입,10ml,10ml","YES","Food","Coffee & Tea","율무/견과차","맥널티","27900","3","0","15786","27900","0","0","0","0","0","9300.0","1","1","27900.0","50.0","2","1","0","0.0"
"2026-10-07","9393910904","8804645007675","64842417","티브루 호박팥차 진액 10ml 30개입 1개","94856748700","맥널티 티브루 호박팥차 진액,1개,1개,30개입,30개입,10ml,10ml","YES","Food","Coffee & Tea","율무/견과차","맥널티","59400","6","0","31572","58200","0","1200","0","59400","6","9900.0","6","6","9900.0","13.953488372093023","43","6","1","5.0"
"2026-10-07","9393911932","8804645007637","63447822","스테비아 커피믹스 헤이즐넛향 9.5g 30개입 1개","94856750921","맥널티커피 스테비아 커피믹스 헤이즐넛향,9.5g,9.5g,30개입,30개입,1개,1개","YES","Food","Coffee & Tea","커피믹스","맥널티커피","7770","1","0","4827","7770","0","0","0","0","0","7770.0","1","1","7770.0","14.285714285714285","7","1","0","0.0"
"2026-10-07","9334231304","8804645007842","69526598","맥널티 갓성비 제로슈가 커피믹스, 1개, 80개입, 9g","94882484129","맥널티커피 갓성비 제로슈가 커피믹스,4개,4개,80개입,80개입,9g,9g","NO","Food","Coffee & Tea","커피믹스","맥널티커피","55600","4","0","35416","55600","0","0","0","0","0","13900.0","1","1","55600.0","0.0","0","1","0","0.0"
"2026-10-07","9398358978","8804645007903","70253954","아이브루 디카페인 아메리카노 블랙커피 무라벨, 20개, 400ml","94890161558","아이브루 디카페인 아메리카노 블랙커피 무라벨,20개,20개,400ml,400ml","NO","Food","Drinks","커피음료","아이브루","613800","31","0","418500","601400","0","12400","0","613800","31","19800.0","31","31","19800.0","6.2248995983935735","498","31","5","4.4"
"2026-10-07","9398358978","8804645007903","70253954","아이브루 디카페인 아메리카노 블랙커피 무라벨, 20개, 400ml","94897060778","아이브루 디카페인 아메리카노 블랙커피 무라벨,40개,40개,400ml,400ml","NO","Food","Drinks","커피음료","아이브루","277200","14","0","189000","273200","0","4000","0","198000","10","19800.0","6","6","46200.0","200.0","3","7","0","0.0"
"2026-10-07","9425537152","9311931902167","52625820","맥널티 인스턴트 원두 병커피 에스프레소 블랙 50g 1개","94975150149","프라이빗클럽 맥널티 인스턴트 원두 병커피 에스프레소 블랙,50g,50g,1개,1개,1개입,1개입","YES","Food","Coffee & Tea","원두커피믹스","프라이빗클럽","13800","3","0","10458","13800","0","0","0","0","0","4600.0","2","2","6900.0","2.898550724637681","69","3","1","3.0"
"2026-10-07","9425537152","9311931902167","52625820","맥널티 인스턴트 원두 병커피 에스프레소 블랙 50g 1개","94975150165","프라이빗클럽 맥널티 인스턴트 원두 병커피 에스프레소 블랙,50g,50g,2개,2개,1개입,1개입","YES","Food","Coffee & Tea","원두커피믹스","프라이빗클럽","9540","2","0","6972","9540","0","0","0","0","0","4770.0","1","1","9540.0","33.33333333333333","3","1","0","0.0"
"2026-10-07","9442108303","8804645007897","71115722","호랭이 커피믹스 고소한 오곡향, 1개, 20개입, 9.5g","95077614086","맥널티커피 호랭이 커피믹스 고소한 오곡향,1개,1개,20개입,20개입,9.5g,9.5g","NO","Food","Coffee & Tea","커피믹스","맥널티커피","60500","11","0","30866","60500","0","0","0","0","0","5500.0","11","11","5500.0","18.64406779661017","59","11","2","5.0"
"2026-10-07","9442108303","8804645007880","71115721","호랭이 커피믹스 고소한 오곡향, 1개, 160개입, 9.5g","95077614088","맥널티커피 호랭이 커피믹스 고소한 오곡향,1개,1개,160개입,160개입,9.5g,9.5g","NO","Food","Coffee & Tea","커피믹스","맥널티커피","95600","4","0","57044","93680","0","1920","0","95600","4","23900.0","4","4","23900.0","1.4285714285714286","280","4","0","0.0"
"2026-10-07","7268864468","8804645006340","34834818","맥널티 스테비아 제로슈가 핫초코 라떼 30개입 15g","95140443522","맥널티커피 스테비아 제로슈가 핫초코 라떼,15g,15g,30개입,30개입,4개,4개","NO","Food","Coffee & Tea","라떼분말","맥널티커피","42690","4","0","30000","42690","0","0","0","0","0","10672.5","1","1","42690.0","16.666666666666664","6","1","0","0.0"
"2026-10-07","9454845088","8804645007873","71629331","맥널티 갓성비 아메리카노 블랙커피, 1개, 100개입, 2g","95157094446","맥널티커피 갓성비 아메리카노 블랙커피,1개,1개,100개입,100개입,2g,2g","NO","Food","Coffee & Tea","원두커피믹스","맥널티커피","908900","61","1","520574","908900","0","0","0","0","0","14900.0","61","61","14900.0","7.210401891252956","846","61","4","4.0"
"2026-10-07","9470391723","8804645007934","71636537","맥널티 티브루 호박팥차 무라벨, 20개, 500ml","95157268909","맥널티커피 티브루 호박팥차 무라벨,20개,20개,500ml,500ml","NO","Food","Drinks","농축액(음료베이스)","맥널티커피","219300","17","1","149583","219300","0","0","0","0","0","12900.0","18","18","12183.333333333334","6.642066420664207","271","17","6","5.0"
"2026-10-07","9454845088","8804645007873","71629331","맥널티 갓성비 아메리카노 블랙커피, 1개, 100개입, 2g","95163444213","맥널티커피 갓성비 아메리카노 블랙커피,2개,2개,100개입,100개입,2g,2g","NO","Food","Coffee & Tea","원두커피믹스","맥널티커피","118800","8","0","68272","118800","0","0","0","0","0","14850.0","4","4","29700.0","44.44444444444444","9","4","0","0.0"
"2026-10-07","9470391723","8804645007934","71636537","맥널티 티브루 호박팥차 무라벨, 20개, 500ml","95163527425","맥널티커피 티브루 호박팥차 무라벨,40개,40개,500ml,500ml","NO","Food","Drinks","농축액(음료베이스)","맥널티커피","25800","2","0","17598","25800","0","0","0","0","0","12900.0","1","1","25800.0","50.0","2","1","0","0.0"
"2026-10-07","9244376556","8804645007989","71777603","투비 다크 블랙 블렌드 홀빈 원두 커피, 1kg, 홀빈(분쇄안함), 1개","95182652820","맥널티커피 다크 블랙 원두 블렌드 원두 홀빈,1kg,1kg,1개,1개","NO","Food","Coffee & Tea","원두","맥널티커피","112000","5","0","65575","110050","0","1950","0","112000","5","22400.0","5","5","22400.0","15.151515151515152","33","5","0","0.0"
"2026-10-07","9244376556","8804645007989","71777603","투비 다크 블랙 블렌드 홀빈 원두 커피, 1kg, 홀빈(분쇄안함), 1개","95190563412","맥널티커피 다크 블랙 원두 블렌드 원두 홀빈,1kg,1kg,2개,2개","NO","Food","Coffee & Tea","원두","맥널티커피","125400","6","0","78690","123840","0","1560","0","125400","6","20900.0","2","2","62700.0","100.0","2","3","1","5.0"
"2026-10-07","9244376556","8804645007989","71777603","투비 다크 블랙 블렌드 홀빈 원두 커피, 1kg, 홀빈(분쇄안함), 1개","95190563414","맥널티커피 다크 블랙 원두 블렌드 원두 홀빈,1kg,1kg,3개,3개","NO","Food","Coffee & Tea","원두","맥널티커피","61200","3","0","39345","60030","0","1170","0","61200","3","20400.0","1","1","61200.0","100.0","1","1","0","0.0"
"2026-10-07","1942501818","8804645300950","12491225","맥널티 핸드드립 커피필터 30개입","95240550975","맥널티커피  핸드드립 커피필터,30개입,30개입,2개,2개","NO","Kitchen","Tools & Gadgets","커피필터/여과지","맥널티","24990","6","0","16422","24990","0","0","0","0","0","4165.0","3","3","8330.0","33.33333333333333","9","3","1","5.0"
"2026-10-07","1942501818","8804645300950","12491225","맥널티 핸드드립 커피필터 30개입","95240551043","맥널티 핸드드립 커피필터 여과지,30개입,30개입,3개,3개","NO","Kitchen","Tools & Gadgets","커피필터/여과지","맥널티","37470","9","0","24633","37470","0","0","0","0","0","4163.333333333333","3","3","12490.0","300.0","1","3","0","0.0"
"2026-10-07","324195553","9311931105162","3067428","인스턴트 병커피 헤이즐넛향 50g","95298805338","프라이빗클럽 헤이즐넛향 병커피 원두커피믹스,50g,50g,1개입,1개입,6개,6개","NO","Food","Coffee & Tea","커피믹스","프라이빗클럽","113600","24","0","55200","111320","0","2280","0","113600","24","4733.333333333333","4","4","28400.0","17.391304347826086","23","4","0","0.0"
"2026-10-07","324195553","9311931105162","3067428","인스턴트 병커피 헤이즐넛향 50g","95298805339","프라이빗클럽 맥널티 헤이즐넛향 병커피,50g,50g,1개입,1개입,4개,4개","NO","Food","Coffee & Tea","커피믹스","프라이빗클럽","37940","8","0","18400","37180","0","760","0","37940","8","4742.5","2","2","18970.0","13.333333333333334","15","2","0","0.0"
"2026-10-07","324195553","9311931105162","3067428","인스턴트 병커피 헤이즐넛향 50g","95298805355","프라이빗클럽 맥널티 헤이즐넛향 병커피,50g,50g,1개입,1개입,3개,3개","NO","Food","Coffee & Tea","커피믹스","프라이빗클럽","58400","12","0","27600","57200","0","1200","0","58400","12","4866.666666666667","4","4","14600.0","33.33333333333333","12","4","1","5.0"
"2026-10-07","324195553","9311931105162","3067428","인스턴트 병커피 헤이즐넛향 50g","95298805390","프라이빗클럽 맥널티 헤이즐넛향 병커피,50g,50g,1개입,1개입,5개,5개","NO","Food","Coffee & Tea","커피믹스","프라이빗클럽","47420","10","0","23000","46480","0","940","0","47420","10","4742.0","2","2","23710.0","33.33333333333333","6","2","0","0.0"
"2026-10-07","6501093720","8804645007965","73944650","맥널티 복숭아 아이스티 대용량 파우치, 1개, 2.1L","95467325453","맥널티커피 대용량 복숭아 아이스티 파우치,2.1L,2.1L,1개,1개","NO","Food","Drinks","차음료","맥널티커피","45000","9","0","21717","45000","0","0","0","0","0","5000.0","9","9","5000.0","33.33333333333333","27","9","1","3.0"
"2026-10-07","6501093720","8804645007965","73944650","맥널티 복숭아 아이스티 대용량 파우치, 1개, 2.1L","95474357016","맥널티커피 대용량 복숭아 아이스티 파우치,2.1L,2.1L,3개,3개","NO","Food","Drinks","차음료","맥널티커피","45480","12","0","28956","45480","0","0","0","0","0","3790.0","4","4","11370.0","50.0","8","4","0","0.0"
"2026-10-07","6501093720","8804645007965","73944650","맥널티 복숭아 아이스티 대용량 파우치, 1개, 2.1L","95474357017","맥널티커피 대용량 복숭아 아이스티 파우치,2.1L,2.1L,2개,2개","NO","Food","Drinks","차음료","맥널티커피","83380","22","0","53086","74358","9022","0","0","15160","4","3790.0","11","11","7580.0","13.580246913580247","81","11","3","5.0"
"2026-10-07","6501093720","8804645007965","73944650","맥널티 복숭아 아이스티 대용량 파우치, 1개, 2.1L","95474357062","맥널티커피 대용량 복숭아 아이스티 파우치,2.1L,2.1L,6개,6개","NO","Food","Drinks","차음료","맥널티커피","113700","30","0","72390","113700","0","0","0","0","0","3790.0","5","5","22740.0","29.411764705882355","17","5","0","0.0"
"2026-10-07","6501093720","8804645007965","73944650","맥널티 복숭아 아이스티 대용량 파우치, 1개, 2.1L","95474357066","맥널티커피 대용량 복숭아 아이스티 파우치,2.1L,2.1L,4개,4개","NO","Food","Drinks","차음료","맥널티커피","90960","24","0","57912","90960","0","0","0","0","0","3790.0","6","6","15160.0","66.66666666666666","9","6","0","0.0"
"2026-10-07","8401715066","8804645007958","73951791","맥널티 아이스 아메리카노 블랙 커피 대용량 파우치, 1개, 2.1L","95474484555","맥널티커피 아이스 아메리카노 블랙 대용량 파우치,2.1L,2.1L,3개,3개","NO","Food","Drinks","커피음료","맥널티커피","102330","27","0","65151","102330","0","0","0","0","0","3790.0","9","9","11370.0","60.0","15","9","0","0.0"
"2026-10-07","8401715066","8804645007958","73951791","맥널티 아이스 아메리카노 블랙 커피 대용량 파우치, 1개, 2.1L","95474484557","맥널티커피 아이스 아메리카노 블랙 대용량 파우치,2.1L,2.1L,5개,5개","NO","Food","Drinks","커피음료","맥널티커피","37900","10","0","24130","37900","0","0","0","0","0","3790.0","1","1","37900.0","50.0","2","2","0","0.0"
"2026-10-07","8401715066","8804645007958","73951791","맥널티 아이스 아메리카노 블랙 커피 대용량 파우치, 1개, 2.1L","95474484558","맥널티커피 아이스 아메리카노 블랙 대용량 파우치,2.1L,2.1L,6개,6개","NO","Food","Drinks","커피음료","맥널티커피","272880","72","72","173736","272880","0","0","0","0","0","3790.0","13","12","22740.0","36.11111111111111","36","12","0","0.0"
"2026-10-07","8401715066","8804645007958","73951791","맥널티 아이스 아메리카노 블랙 커피 대용량 파우치, 1개, 2.1L","95474484589","맥널티커피 아이스 아메리카노 블랙 대용량 파우치,2.1L,2.1L,2개,2개","NO","Food","Drinks","커피음료","맥널티커피","280460","74","2","178562","280460","0","0","0","0","0","3790.0","38","38","7380.526315789473","17.51152073732719","217","37","8","4.9"
"2026-10-07","8401715066","8804645007958","73951791","맥널티 아이스 아메리카노 블랙 커피 대용량 파우치, 1개, 2.1L","95474484591","맥널티커피 아이스 아메리카노 블랙 대용량 파우치,2.1L,2.1L,4개,4개","NO","Food","Drinks","커피음료","맥널티커피","60640","16","0","38608","60640","0","0","0","0","0","3790.0","4","4","15160.0","28.57142857142857","14","4","0","0.0"
"2026-10-07","8401715066","8804645007958","73951791","맥널티 아이스 아메리카노 블랙 커피 대용량 파우치, 1개, 2.1L","95475891925","맥널티커피 아이스 아메리카노 블랙 대용량 파우치,2.1L,2.1L,2개,2개","NO","Food","Drinks","커피음료","맥널티커피","606400","160","2","386080","595759","10641","0","0","30320","8","3790.0","79","79","7675.949367088608","11.318051575931232","698","80","3","4.7"
"2026-10-07","6501093720","8804645007965","73944650","맥널티 복숭아 아이스티 대용량 파우치, 1개, 2.1L","95475892070","맥널티커피 대용량 복숭아 아이스티 파우치,2.1L,2.1L,2개,2개","NO","Food","Drinks","차음료","맥널티커피","166760","44","2","106172","159180","7580","0","0","7580","2","3790.0","21","21","7940.952380952381","8.936170212765958","235","22","0","0.0"
"2026-10-07","8288508361","8804645006395","36903434","맥널티 아이브루 플러스 헤이즐넛 블랙커피 100개입","95637546450","아이브루 플러스 공정무역 헤이즐넛 블랙커피,1g,1g,100개입,100개입,4개,4개","NO","Food","Coffee & Tea","원두커피믹스","아이브루","38160","4","0","30492","35020","0","3140","0","38160","4","9540.0","1","1","38160.0","16.666666666666664","6","1","0","0.0"
"2026-10-07","8401715066","8804645005916","75683093","맥널티 아이스 아메리카노 블랙 1리터, 1L, 1개","95668824742","맥널티커피 아이스 아메리카노 블랙,1L,1L,2개,2개","NO","Food","Drinks","커피음료","맥널티커피","23200","8","0","13712","23200","0","0","0","0","0","2900.0","4","4","5800.0","15.384615384615385","26","4","0","0.0"
"2026-10-07","6557407422","8804645005923","75765043","맥널티 아이스아메리카노 스위트, 1개, 1L","95687240433","맥널티커피 아이스 아메리카노 스위트,1L,1L,5개,5개","NO","Food","Drinks","커피음료","맥널티커피","14500","5","0","8570","14500","0","0","0","0","0","2900.0","1","1","14500.0","100.0","1","1","0","0.0"
"2026-10-07","6557407422","8804645005923","75765043","맥널티 아이스아메리카노 스위트, 1개, 1L","95687240434","맥널티커피 아이스 아메리카노 스위트,1L,1L,2개,2개","NO","Food","Drinks","커피음료","맥널티커피","41300","14","0","23996","41300","0","0","0","0","0","2950.0","7","7","5900.0","13.20754716981132","53","7","0","0.0"
"2026-10-07","6557407422","8804645005923","75765043","맥널티 아이스아메리카노 스위트, 1개, 1L","95687240437","맥널티커피 아이스 아메리카노 스위트,1L,1L,6개,6개","NO","Food","Drinks","커피음료","맥널티커피","16100","6","0","10284","16100","0","0","0","0","0","2683.3333333333335","1","1","16100.0","50.0","2","1","0","0.0"
"2026-10-07","6517973078","8804645005954","75850021","맥널티 허니자몽 블랙티, 1L, 1개","95700394797","맥널티커피 허니자몽 블랙티,1L,1L,3개,3개","NO","Food","Drinks","차음료","맥널티커피","8700","3","0","5142","8700","0","0","0","0","0","2900.0","1","1","8700.0","100.0","1","1","0","0.0"
"2026-10-07","6517973078","8804645005954","75850021","맥널티 허니자몽 블랙티, 1L, 1개","95700394916","맥널티커피 허니자몽 블랙티,1L,1L,2개,2개","NO","Food","Drinks","차음료","맥널티커피","29000","10","0","17140","29000","0","0","0","0","0","2900.0","5","5","5800.0","11.363636363636363","44","5","1","5.0"
"2026-10-07","8943722025","8804645007996","76230458","맥널티 진 보리차 1개 1kg","95739490220","맥널티커피 진 보리차,1개,1개,1kg,1kg","NO","Food","Coffee & Tea","둥글레/옥수수/보리/결명자차","맥널티커피","35800","2","0","30418","35800","0","0","0","0","0","17900.0","2","2","17900.0","15.384615384615385","13","2","1","1.0"
"2026-10-07","7052326812","8804645006425","76443755","맥널티 브라질 세라도 NY.2 원두 1kg, 1개","95767959676","맥널티커피 브라질 세라도 NY.2 원두,1kg,1kg,1개,1개","NO","Food","Coffee & Tea","원두","브랜드없음","123830","5","0","88045","123830","0","0","0","0","0","24766.0","5","5","24766.0","14.285714285714285","35","5","0","0.0"
"2026-10-07","7052326812","8804645006425","76443755","맥널티 브라질 세라도 NY.2 원두 1kg, 1개","95774269431","맥널티커피 브라질 세라도 NY.2 원두,1kg,1kg,3개,3개","NO","Food","Coffee & Tea","원두","브랜드없음","73830","3","0","52827","73830","0","0","0","0","0","24610.0","1","1","73830.0","0.0","0","1","0","0.0"
"2026-10-07","9629201786","18804645008013","76540319","맥널티 호랭이 마일드 라떼 캔커피, 30개, 175ml","95780789743","맥널티 호랭이 마일드 라떼 캔커피,30개,30개,175ml,175ml","NO","Food","Drinks","커피음료","맥널티커피","896000","70","1","596610","822000","8000","0","65000","844800","66","12800.0","68","68","13176.470588235294","7.657657657657657","888","70","2","5.0"
"2026-10-07","9629201786","18804645008013","76540319","맥널티 호랭이 마일드 라떼 캔커피, 30개, 175ml","95786605266","맥널티 호랭이 마일드 라떼 캔커피,60개,60개,175ml,175ml","NO","Food","Drinks","커피음료","맥널티커피","179200","14","0","119322","167200","0","0","12000","153600","12","12800.0","7","7","25600.0","58.333333333333336","12","7","2","5.0"
"2026-10-07","9629201786","18804645008013","76540319","맥널티 호랭이 마일드 라떼 캔커피, 30개, 175ml","95786605273","맥널티 호랭이 마일드 라떼 캔커피,90개,90개,175ml,175ml","NO","Food","Drinks","커피음료","맥널티커피","38400","3","0","25569","35400","0","0","3000","38400","3","12800.0","1","1","38400.0","50.0","2","1","0","0.0"
"2026-10-07","9244376416","8804645008047","76697770","투비커피 너티초코 아메리카노 블렌드 홀빈 원두 커피, 1kg, 홀빈(분쇄안함), 1개","95809994399","맥널티커피 투비 너티초코 아메리카노 블렌드 홀빈 원두,1kg,1kg,3개,3개","NO","Food","Coffee & Tea","원두","맥널티커피","83700","3","0","51375","82020","0","1680","0","83700","3","27900.0","1","1","83700.0","33.33333333333333","3","1","0","0.0"
"2026-10-07","9618053831","8804645008030","77572705","맥널티 아이스 아메리카노 헤이즐넛, 1개, 2.1L","95883431972","맥널티커피 아이스 아메리카노 헤이즐넛,1개,1개,2.1L,2.1L","NO","Food","Drinks","커피음료","맥널티커피","16500","3","0","7239","16500","0","0","0","0","0","5500.0","3","3","5500.0","15.789473684210526","19","3","0","0.0"
"2026-10-07","9618053831","8804645008030","77572705","맥널티 아이스 아메리카노 헤이즐넛, 1개, 2.1L","95888645025","맥널티커피 아이스 아메리카노 헤이즐넛,2개,2개,2.1L,2.1L","NO","Food","Drinks","커피음료","맥널티커피","477540","126","4","304038","469960","7580","0","0","7580","2","3790.0","63","62","7702.258064516129","11.538461538461538","546","63","6","4.8"
"2026-10-07","9618053831","8804645008030","77572705","맥널티 아이스 아메리카노 헤이즐넛, 1개, 2.1L","95888645050","맥널티커피 아이스 아메리카노 헤이즐넛,3개,3개,2.1L,2.1L","NO","Food","Drinks","커피음료","맥널티커피","113700","30","0","72390","113700","0","0","0","0","0","3790.0","10","10","11370.0","111.11111111111111","9","10","0","0.0"
"2026-10-07","9618053831","8804645008030","77572705","맥널티 아이스 아메리카노 헤이즐넛, 1개, 2.1L","95888645116","맥널티커피 아이스 아메리카노 헤이즐넛,6개,6개,2.1L,2.1L","NO","Food","Drinks","커피음료","맥널티커피","45480","12","0","28956","45480","0","0","0","0","0","3790.0","2","2","22740.0","66.66666666666666","3","2","2","4.0"
"2026-10-07","7747172789","8804645006890","38933766","맥널티커피 스테비아 디카페인 커피믹스, 1개, 100개입 9.5g","95912625882","맥널티커피 스테비아 디카페인 커피믹스,9.5g,9.5g,100개입,100개입,2개,2개","NO","Food","Coffee & Tea","커피믹스","맥널티커피","100520","4","0","72336","100520","0","0","0","0","0","25130.0","2","2","50260.0","15.384615384615385","13","2","0","0.0"
"2026-10-07","9709158118","8804645007958","73951791","맥널티 아이스 아메리카노 블랙 커피 대용량 파우치, 1개, 2.1L","95975560291","맥널티커피 아이스 아메리카노 블랙 대용량 파우치,2.1L,2.1L,1개,1개","YES","Food","Drinks","커피음료","맥널티커피","101400","26","5","62738","101400","0","0","0","0","0","3900.0","28","27","3755.5555555555557","13.725490196078432","204","26","0","0.0"
"2026-10-07","9709158118","8804645007958","73951791","맥널티 아이스 아메리카노 블랙 커피 대용량 파우치, 1개, 2.1L","95975560324","맥널티커피 아이스 아메리카노 블랙 대용량 파우치,2.1L,2.1L,2개,2개","YES","Food","Drinks","커피음료","맥널티커피","159180","42","2","101346","159180","0","0","0","0","0","3790.0","18","17","9363.529411764706","66.66666666666666","27","21","1","5.0"
"2026-10-07","9730607617","8804645005930","75694561","맥널티커피 아이스 아메리카노 헤이즐넛, 1개, 1L","96042897453","맥널티커피 아이스 아메리카노 헤이즐넛,1개,1개,1L,1L","YES","Food","Drinks","커피음료","맥널티커피","4720","1","0","1714","4720","0","0","0","0","0","4720.0","1","1","4720.0","11.11111111111111","9","1","1","5.0"
"2026-10-07","9720326447","8804645000027","80552848","맥널티 천연펄프 무표백 핸드드립 커피필터 여과지(5~7인용), 1개, 100개입","96070715945","맥널티커피 펄프 무표백 핸드드립 커피필터 여과지 5~7인용,1개,1개,100개입,100개입","NO","Kitchen","Tools & Gadgets","커피필터/여과지","맥널티커피","9000","2","0","5728","9000","0","0","0","0","0","4500.0","1","1","9000.0","14.285714285714285","7","2","0","0.0"
"2026-10-07","9720265693","8804645000010","80552849","맥널티 천연펄프 무표백 핸드드립 커피필터 여과지(2~4인용), 1개, 100개입","96070715955","맥널티커피 펄프 무표백 핸드드립 커피필터 여과지 2~4인용,1개,1개,100개입,100개입","NO","Kitchen","Tools & Gadgets","커피필터/여과지","맥널티커피","59500","17","0","41106","59500","0","0","0","0","0","3500.0","17","17","3500.0","22.666666666666664","75","17","1","5.0"
"2026-10-07","319883678","8804645003066","10812901","맥널티 베트남 로부스타 원두커피 1kg","96070858430","맥널티커피 베트남 로부스타 G1 원두,1kg,1kg,5개,5개","NO","Food","Coffee & Tea","원두","맥널티커피","99500","5","0","58590","97510","0","1990","0","99500","5","19900.0","1","1","99500.0","100.0","1","1","0","0.0"
"2026-10-07","7554533915","8804645006869","80661387","베트남 로부스타 G1 싱글오리진 커피 원두, 1개, 1kg","96076191457","맥널티커피 베트남 G1 싱글오리진 커피 원두,1개,1개,1kg,1kg","NO","Food","Coffee & Tea","원두","맥널티커피","347500","25","0","268525","342180","0","5320","0","347500","25","13900.0","19","19","18289.473684210527","10.43956043956044","182","25","0","0.0"
"2026-10-07","7554533915","8804645006869","80661387","베트남 로부스타 G1 싱글오리진 커피 원두, 1개, 1kg","96079959778","맥널티커피 베트남 G1 싱글오리진 커피 원두,5개,5개,1kg,1kg","NO","Food","Coffee & Tea","원두","맥널티커피","69500","5","0","53705","68110","0","1390","0","69500","5","13900.0","1","1","69500.0","0.0","0","1","0","0.0"
"2026-10-07","7554533915","8804645006869","80661387","베트남 로부스타 G1 싱글오리진 커피 원두, 1개, 1kg","96079959780","맥널티커피 베트남 G1 싱글오리진 커피 원두,2개,2개,1kg,1kg,홀빈","NO","Food","Coffee & Tea","원두","맥널티커피","27800","2","0","21482","27240","0","560","0","27800","2","13900.0","1","1","27800.0","0.0","0","1","0","0.0"
"2026-10-07","9715158893","8804645008023","80686777","맥널티 투비 데일리 블렌드 홀빈 원두 커피 고소한 너티 로스팅, 1개, 1kg","96084698645","맥널티커피 투비커피 개인카페용 데일리 블렌드 홀빈 원두,1개,1개,1kg,1kg","NO","Food","Coffee & Tea","원두","맥널티커피","79600","4","0","61508","78400","0","1200","0","79600","4","19900.0","3","3","26533.333333333332","3.79746835443038","79","4","0","0.0"
"2026-10-07","5066205124","8804645006449","80855137","맥널티 에티오피아 예가체프 G2 원두 1kg, 1개, 홀빈(분쇄안함)","96089417533","맥널티커피 에티오피아 예가체프 G2 홀빈 커피 원두,1kg,1kg,1개,1개,홀빈(분쇄안함),홀빈(분쇄안함)","NO","Food","Coffee & Tea","원두","맥널티커피","148500","5","0","111660","145640","0","2860","0","148500","5","29700.0","5","5","29700.0","20.833333333333336","24","5","0","0.0"
"2026-10-07","9738793964","8804645008054","80881317","맥널티 갓성비 더블샷 라떼, 1개, 50개입, 14.9g","96089665216","맥널티커피 갓성비 더블샷 라떼,1개,1개,50개입,50개입,14.9g,14.9g","NO","Food","Coffee & Tea","커피믹스","맥널티커피","30100","2","0","19972","30100","0","0","0","0","0","15050.0","2","2","15050.0","2.247191011235955","89","2","0","0.0"
"2026-10-07","7863543179","8804645006067","25240400","맥널티 스테비아 커피믹스 100개입","96113514064","맥널티커피 스테비아 커피믹스,9.5g,9.5g,100개입,100개입,3개,3개","NO","Food","Coffee & Tea","커피믹스","맥널티커피","157620","9","0","116640","157620","0","0","0","0","0","17513.333333333332","3","3","52540.0","17.647058823529413","17","3","0","0.0"
"2026-10-07","7863543179","8804645006067","25240400","맥널티 스테비아 커피믹스 100개입","96113514094","맥널티커피 스테비아 커피믹스,9.5g,9.5g,100개입,100개입,5개,5개","NO","Food","Coffee & Tea","커피믹스","맥널티커피","87560","5","0","64800","87560","0","0","0","0","0","17512.0","1","1","87560.0","0.0","0","1","0","0.0"
"2026-10-07","319883678","8804645003066","10812901","맥널티 베트남 로부스타 원두커피 1kg","96117146861","맥널티커피 베트남 로부스타 G1 원두,1kg,1kg,10개,10개","NO","Food","Coffee & Tea","원두","맥널티커피","199000","10","0","117180","195020","0","3980","0","199000","10","19900.0","1","1","199000.0","0.0","0","1","0","0.0"
"2026-10-07","9072225100","8804645007675","64842417","티브루 호박팥차 진액 10ml 30개입 1개","96118099855","맥널티 티브루 호박팥차 진액,6개,6개,30개입,30개입,10ml,10ml","NO","Food","Coffee & Tea","율무/견과차","맥널티","44900","6","0","31572","44900","0","0","0","0","0","7483.333333333333","1","1","44900.0","0.0","0","1","0","0.0"
"2026-10-07","8157289284","8804645006739","61673272","맥널티커피 복숭아 아이스티 제로, 1.5L, 1개","96118178435","맥널티커피 복숭아 아이스티 제로,1.5L,1.5L,10개,10개","NO","Food","Drinks","차음료","맥널티커피","22000","10","0","13640","21560","0","440","0","22000","10","2200.0","1","1","22000.0","25.0","4","1","0","0.0"
"2026-10-07","1942501818","8804645300950","12491225","맥널티 핸드드립 커피필터 30개입","96118286974","맥널티커피  핸드드립 커피필터,30개입,30개입,4개,4개","NO","Kitchen","Tools & Gadgets","커피필터/여과지","맥널티","16200","4","0","10948","16200","0","0","0","0","0","4050.0","1","1","16200.0","0.0","0","1","0","0.0"
"2026-10-07","7863543179","8804645006074","25240402","맥널티 스테비아 커피믹스 30개입","96118308339","맥널티커피 스테비아 커피믹스,9.5g,9.5g,30개입,30개입,10개,10개","NO","Food","Coffee & Tea","커피믹스","맥널티커피","52540","10","0","48270","52540","0","0","0","0","0","5254.0","1","1","52540.0","100.0","1","1","0","0.0"
