"날짜","상품 카테고리","하위 카테고리","세부 카테고리","브랜드","센터","SKU ID","SKU 명","바코드","발주가능상태","발주가능상태_세부","입고수량","출고수량","현재재고수량","매입원가","발주대비 납품율","확정대비 납품율","회송율","회송사유","품절여부","세부카테고리 품절율"
"20261007","CE","Kitchen Appliance","커피머신","맥널티커피","FC","31602405","맥널티 2in1 핫앤콜드 진공추출 커피메이커 MCM-065B MCM-065B","8804645006296","발주가능","정상","0","1","10","30859","0","0","0","","NO","0.801"
"20261007","Food","Coffee & Tea","기타전통차","맥널티커피","FC","39149736","맥널티 스테비아 침향 쌍화차, 1개, 30개입, 450g","8804645006913","발주가능","정상","0","1","211","8536","0","0","0","","NO","0.727"
"20261007","Food","Coffee & Tea","기타전통차","맥널티커피","FC","41175263","맥널티커피 스테비아 꿀 유자차, 1개, 30개입, 450g","8804645006951","발주가능","정상","0","7","398","7388","0","0","0","","NO","0.727"
"20261007","Food","Coffee & Tea","둥글레/옥수수/보리/결명자차","맥널티커피","FC","76230458","맥널티 진 보리차 1개 1kg","8804645007996","발주가능","정상","0","2","24","15209","0","0","0","","NO","0.624"
"20261007","Food","Coffee & Tea","드립백/티백","맥널티","FC","3067432","산지별 콜롬비아 슈프리모 핸드드립커피 7개입","8804645000324","발주가능","정상","0","13","128","3043","0","0","0","","NO","0.742"
"20261007","Food","Coffee & Tea","드립백/티백","맥널티","FC","10003518","케냐 AA 핸드드립 블렌드 24개입","8804645000720","발주가능","정상","0","14","305","8534","0","0","0","","NO","0.742"
"20261007","Food","Coffee & Tea","드립백/티백","맥널티커피","FC","3067429","산지별 브라질 세라도 NY2 핸드드립커피 7개입","8804645000300","발주가능","정상","0","3","50","2887","0","0","0","","NO","0.742"
"20261007","Food","Coffee & Tea","드립백/티백","맥널티커피","FC","3067430","산지별 케냐 AA 핸드드립커피 7개입","8804645000355","발주가능","정상","0","5","115","3062","0","0","0","","NO","0.742"
"20261007","Food","Coffee & Tea","드립백/티백","맥널티커피","FC","3067433","산지별 에티오피아 코케 허니 핸드드립커피 7개입","8804645000348","발주가능","정상","0","8","34","2910","0","0","0","","NO","0.742"
"20261007","Food","Coffee & Tea","드립백/티백","맥널티커피","FC","3067434","산지별 에티오피아 예가체프 핸드드립커피 7개입","8804645000331","발주가능","정상","0","10","87","3184","0","0","0","","NO","0.742"
"20261007","Food","Coffee & Tea","드립백/티백","맥널티커피","FC","10003517","콜롬비아 핸드드립 블렌드 24개입","8804645000713","발주가능","정상","0","24","211","8534","0","0","0","","NO","0.742"
"20261007","Food","Coffee & Tea","드립백/티백","맥널티커피","FC","23400108","맥널티 디카페인100% 핸드드립 원두커피 24개입","8804645005732","발주가능","정상","0","11","86","9395","0","0","0","","NO","0.742"
"20261007","Food","Coffee & Tea","드립백/티백","맥널티커피","FC","37713094","맥널티 핸드드립커피 케냐AA(더블에이) 36개입, 8g, 1개","8804645006616","발주가능","정상","0","7","29","11759","0","0","0","","NO","0.742"
"20261007","Food","Coffee & Tea","드립백/티백","맥널티커피","FC","37713095","맥널티 핸드드립커피 에티오피아 예가체프 36개입, 8g, 1개","8804645006623","발주가능","정상","0","0","49","10577","0","0","0","","NO","0.742"
"20261007","Food","Coffee & Tea","드립백/티백","맥널티커피","FC","41391235","맥널티 행복을주는커피 시그니처 블렌드 핸드드립 커피 20개입, 1개, 8g","8804645003653","발주가능","정상","0","13","35","6795","0","0","0","","NO","0.742"
"20261007","Food","Coffee & Tea","드립백/티백","맥널티커피","FC","62821923","맥널티 핸드드립 커피 에티오피아 예가체프 8g 24개입 1개","8804645006920","발주가능","정상","0","6","59","9679","0","0","0","","NO","0.742"
"20261007","Food","Coffee & Tea","드립백/티백","맥널티커피","FC","68147033","베니스브루 스페셜티 핸드드립 가향 커피 오렌지 벨벳, 1개, 7개입, 12g","8804645007712","발주가능","정상","0","0","12","5143","0","0","0","","NO","0.742"
"20261007","Food","Coffee & Tea","드립백/티백","맥널티커피","FC","68147034","베니스브루 스페셜티 핸드드립 가향 커피 쇼콜라 모카, 1개, 7개입, 12g","8804645007729","발주가능","정상","0","0","9","5143","0","0","0","","NO","0.742"
"20261007","Food","Coffee & Tea","드립백/티백","맥널티커피","FC","68777449","베니스브루 베리 블로썸 드립백 커피 12g 1개 7개입","8804645007705","발주가능","정상","0","0","23","5143","0","0","0","","NO","0.742"
"20261007","Food","Coffee & Tea","라떼분말","맥널티커피","FC","34834818","맥널티 스테비아 제로슈가 핫초코 라떼 30개입 15g","8804645006340","발주가능","정상","0","39","1493","7500","0","0","0","","NO","0.611"
"20261007","Food","Coffee & Tea","라떼분말","맥널티커피","FC","51063548","스테비아 단백질 옥수수 크림 라떼, 1개, 20개입, 18g","8804645007330","발주가능","정상","0","0","56","5850","0","0","0","","NO","0.611"
"20261007","Food","Coffee & Tea","라떼분말","맥널티커피","FC","51164938","스테비아 단백질 고구마 크림 라떼, 1개, 20개입, 18g","8804645007347","발주가능","정상","0","0","86","5850","0","0","0","","NO","0.611"
"20261007","Food","Coffee & Tea","원두","N_A","FC","76443755","맥널티 브라질 세라도 NY.2 원두 1kg, 1개","8804645006425","발주가능","정상","0","9","184","17609","0","0","0","","NO","0.914"
"20261007","Food","Coffee & Tea","원두","맥널티커피","RC","45570","맥널티_헤이즐넛원두분쇄커피_226G","8804645100208","발주가능","정상","0","0","2176","5000","0","0","0","","NO","0.914"
"20261007","Food","Coffee & Tea","원두","맥널티커피","SFJEJ2","45570","맥널티_헤이즐넛원두분쇄커피_226G","8804645100208","발주가능","정상","0","1","4","5000","0","0","0","","NO","0.914"
"20261007","Food","Coffee & Tea","원두","맥널티커피","대구4","45570","맥널티_헤이즐넛원두분쇄커피_226G","8804645100208","발주가능","정상","0","0","3","5000","0","0","0","","NO","0.914"
"20261007","Food","Coffee & Tea","원두","맥널티커피","FC","45570","맥널티_헤이즐넛원두분쇄커피_226G","8804645100208","발주가능","정상","0","102","928","5000","0","0","0","","NO","0.914"
"20261007","Food","Coffee & Tea","원두","맥널티커피","SFSPA3","45572","맥널티_헤이즐넛원두분쇄커피_500G","8804645100468","발주가능","정상","0","0","6","7960","0","0","0","","NO","0.914"
"20261007","Food","Coffee & Tea","원두","맥널티커피","FC","45572","맥널티_헤이즐넛원두분쇄커피_500G","8804645100468","발주가능","정상","0","74","970","7960","0","0","0","","NO","0.914"
"20261007","Food","Coffee & Tea","원두","맥널티커피","FC","45573","맥널티_블루마운틴스타일원두분쇄커피_500G","8804645100451","발주가능","정상","0","37","1575","11091","0","0","0","","NO","0.914"
"20261007","Food","Coffee & Tea","원두","맥널티커피","FC","5344648","맥널티 원두 에스프레소 블랙 1개, 1kg","8804645001239","발주불가","단종","0","0","1","9156","0","0","0","","YES","0.914"
"20261007","Food","Coffee & Tea","원두","맥널티커피","FC","10147177","맥널티 홀빈 블루마운틴 1000g","8804645006302","발주가능","정상","0","14","120","15715","0","0","0","","NO","0.914"
"20261007","Food","Coffee & Tea","원두","맥널티커피","FC","10147180","맥널티 행복을 주는 커피 헤이즐넛향 1kg 홀빈","8804645100185","발주가능","정상","0","11","116","15244","0","0","0","","NO","0.914"
"20261007","Food","Coffee & Tea","원두","맥널티커피","RC","10812901","맥널티 베트남 로부스타 원두커피 1kg","8804645003066","발주가능","정상","0","0","800","11700","0","0","0","","NO","0.914"
"20261007","Food","Coffee & Tea","원두","맥널티커피","FC","10812901","맥널티 베트남 로부스타 원두커피 1kg","8804645003066","발주가능","정상","0","55","262","11700","0","0","0","","NO","0.914"
"20261007","Food","Coffee & Tea","원두","맥널티커피","FC","11849981","행복을 주는 커피 블루마운틴 블렌드 분쇄 원두 커피 1kg","8804645003486","발주가능","정상","0","14","150","16364","0","0","0","","NO","0.914"
"20261007","Food","Coffee & Tea","원두","맥널티커피","RC","12521866","맥널티 행복을 주는 커피 시그니처 헤이즐넛향 원두 커피 1Kg","8804645003493","발주가능","정상","0","0","216","16364","0","0","0","","NO","0.914"
"20261007","Food","Coffee & Tea","원두","맥널티커피","FC","12521866","맥널티 행복을 주는 커피 시그니처 헤이즐넛향 원두 커피 1Kg","8804645003493","발주가능","정상","0","26","363","16364","0","0","0","","NO","0.914"
"20261007","Food","Coffee & Tea","원두","맥널티커피","FC","13277718","맥널티 행복을 주는 커피 브라질 산토스 1kg","8804645003936","발주가능","정상","0","10","94","14091","0","0","0","","NO","0.914"
"20261007","Food","Coffee & Tea","원두","맥널티커피","FC","13277719","맥널티 행복을 주는 커피 콜롬비아 블렌드 1kg","8804645003929","발주가능","정상","0","28","354","15599","0","0","0","","NO","0.914"
"20261007","Food","Coffee & Tea","원두","맥널티커피","FC","37733154","맥널티 원두 홀빈(분쇄안함) 마일드 미디움 블렌드 200g, 1개","8804645005374","발주가능","정상","0","1","14","5791","0","0","0","","NO","0.914"
"20261007","Food","Coffee & Tea","원두","맥널티커피","FC","38710869","맥널티 홀빈 커피원두, 마일드 미디움 블렌드 1kg, 1개","8804645005329","발주가능","정상","0","0","12","16364","0","0","0","","NO","0.914"
"20261007","Food","Coffee & Tea","원두","맥널티커피","FC","38710870","맥널티 홀빈 커피원두, 콜롬비아 안데스 오리진 1kg, 1개","8804645005343","발주가능","정상","0","3","31","16364","0","0","0","","NO","0.914"
"20261007","Food","Coffee & Tea","원두","맥널티커피","FC","38710872","맥널티 홀빈 커피원두, 시그니처 블렌드 1kg, 1개","8804645005312","발주가능","정상","0","0","39","16364","0","0","0","","NO","0.914"
"20261007","Food","Coffee & Tea","원두","맥널티커피","FC","38813491","맥널티 홀빈 원두 1KG, 브라질 산토스 내추럴, 1개","8804645005350","발주가능","정상","0","10","176","11364","0","0","0","","NO","0.914"
"20261007","Food","Coffee & Tea","원두","맥널티커피","FC","38919334","맥널티 에티오피아 예가체프 홀빈 원두, 1kg, 1개","8804645006852","발주가능","정상","0","1","119","16364","0","0","0","","NO","0.914"
"20261007","Food","Coffee & Tea","원두","맥널티커피","FC","39616644","맥널티 예맨 모카 블렌드 커피 원두, 홀빈(분쇄안함), 500g, 1개","8804645006692","발주가능","정상","0","0","10","11400","0","0","0","","NO","0.914"
"20261007","Food","Coffee & Tea","원두","맥널티커피","FC","39616645","맥널티 시그니처 디카페인 커피 원두, 홀빈(분쇄안함), 500g, 1개","8804645006937","발주가능","정상","0","2","163","12545","0","0","0","","NO","0.914"
"20261007","Food","Coffee & Tea","원두","맥널티커피","FC","39616646","맥널티 게이샤 블렌드 커피 원두, 홀빈(분쇄안함), 500g, 1개","8804645006708","발주가능","정상","0","9","14","11400","0","0","0","","NO","0.914"
"20261007","Food","Coffee & Tea","원두","맥널티커피","FC","39616647","맥널티 하와이안 코나 블렌드 커피 원두, 홀빈(분쇄안함), 500g, 1개","8804645006685","발주가능","정상","0","4","33","11400","0","0","0","","NO","0.914"
"20261007","Food","Coffee & Tea","원두","맥널티커피","FC","48074657","맥널티 브라질 세라도 분쇄 원두 커피, 1개, 500g","8804645007262","발주가능","정상","0","4","63","9395","0","0","0","","NO","0.914"
"20261007","Food","Coffee & Tea","원두","맥널티커피","FC","48074658","맥널티 콜롬비아 안데스 분쇄 원두 커피, 1개, 500g","8804645007255","발주가능","정상","0","4","89","9986","0","0","0","","NO","0.914"
"20261007","Food","Coffee & Tea","원두","맥널티커피","FC","48074659","맥널티 에티오피아 예가체프 분쇄 원두 커피, 1개, 500g","8804645007231","발주가능","정상","0","17","81","9986","0","0","0","","NO","0.914"
"20261007","Food","Coffee & Tea","원두","맥널티커피","FC","58681130","콜롬비아 안데스 오리진 분쇄 커피 원두 1개 226g 핸드드립","8804645007552","발주가능","정상","0","7","23","7159","0","0","0","","NO","0.914"
"20261007","Food","Coffee & Tea","원두","맥널티커피","FC","58681131","브라질 산토스 오리진 분쇄 커피 원두, 226g, 1개, 핸드드립","8804645007545","발주가능","정상","0","4","23","7159","0","0","0","","NO","0.914"
"20261007","Food","Coffee & Tea","원두","맥널티커피","FC","58765769","게이샤 블렌드 분쇄 커피 원두, 1개, 226g, 핸드드립","8804645007514","발주가능","정상","0","2","18","7732","0","0","0","","NO","0.914"
"20261007","Food","Coffee & Tea","원두","맥널티커피","FC","58765770","디카페인 헤이즐넛향 분쇄 커피 원두, 1개, 226g, 핸드드립","8804645007538","발주가능","정상","0","18","79","8018","0","0","0","","NO","0.914"
"20261007","Food","Coffee & Tea","원두","맥널티커피","FC","58850533","하와이안 코나 블렌드 분쇄 커피 원두, 1개, 226g, 핸드드립","8804645007521","발주가능","정상","0","3","30","7732","0","0","0","","NO","0.914"
"20261007","Food","Coffee & Tea","원두","맥널티커피","FC","71777603","투비 다크 블랙 블렌드 홀빈 원두 커피, 1kg, 홀빈(분쇄안함), 1개","8804645007989","발주가능","정상","0","9","145","13115","0","0","0","","NO","0.914"
"20261007","Food","Coffee & Tea","원두","맥널티커피","FC","76697770","투비커피 너티초코 아메리카노 블렌드 홀빈 원두 커피, 1kg, 홀빈(분쇄안함), 1개","8804645008047","발주가능","정상","0","3","31","17125","0","0","0","","NO","0.914"
"20261007","Food","Coffee & Tea","원두","맥널티커피","FC","80661387","베트남 로부스타 G1 싱글오리진 커피 원두, 1개, 1kg","8804645006869","발주가능","정상","0","42","4","10741","0","0","0","","YES","0.914"
"20261007","Food","Coffee & Tea","원두","맥널티커피","FC","80686777","맥널티 투비 데일리 블렌드 홀빈 원두 커피 고소한 너티 로스팅, 1개, 1kg","8804645008023","발주가능","정상","0","5","33","15377","0","0","0","","NO","0.914"
"20261007","Food","Coffee & Tea","원두","맥널티커피","FC","80855134","맥널티 콜롬비아 수프리모 후일라 커피 원두, 1kg, 1개","8804645006432","발주가능","정상","0","0","23","25423","0","0","0","","NO","0.914"
"20261007","Food","Coffee & Tea","원두","맥널티커피","FC","80855137","맥널티 에티오피아 예가체프 G2 원두 1kg, 1개, 홀빈(분쇄안함)","8804645006449","발주가능","정상","0","6","14","22332","0","0","0","","NO","0.914"
"20261007","Food","Coffee & Tea","원두커피믹스","맥널티","FC","10003529","아이브루 클래식 100T","8804645002465","발주불가","규격 외","0","0","1","6068","0","0","0","","NO","0.610"
"20261007","Food","Coffee & Tea","원두커피믹스","맥널티","FC","11019882","맥널티 아이브루 다크 블렌드 200T","8804645003219","발주가능","정상","0","5","144","13096","0","0","0","","NO","0.610"
"20261007","Food","Coffee & Tea","원두커피믹스","맥널티커피","FC","11019883","맥널티 아이브루 모카 블랙 200T","8804645003226","발주가능","정상","0","10","155","11687","0","0","0","","NO","0.610"
"20261007","Food","Coffee & Tea","원두커피믹스","맥널티커피","FC","13777565","맥널티 아이브루 모카블랙 70T","8804645003912","발주가능","정상","0","0","49","6519","0","0","0","","NO","0.610"
"20261007","Food","Coffee & Tea","원두커피믹스","맥널티커피","FC","15720531","콜롬비아 블랙 100개입","8804645002861","발주가능","정상","0","53","1109","6345","0","0","0","","NO","0.610"
"20261007","Food","Coffee & Tea","원두커피믹스","맥널티커피","SFJEJ2","15720531","콜롬비아 블랙 100개입","8804645002861","발주가능","정상","0","2","3","6345","0","0","0","","NO","0.610"
"20261007","Food","Coffee & Tea","원두커피믹스","맥널티커피","FC","26477367","맥널티 리얼 에스프레소샷 블랙 액상스틱커피 15mlx30개입","8804645006029","발주가능","정상","0","29","234","7388","0","0","0","","NO","0.610"
"20261007","Food","Coffee & Tea","원두커피믹스","맥널티커피","FC","62672352","맥널티 아이브루 플러스 스위트 블랙 원두커피믹스 80개입 2.8g","8804645007620","발주가능","정상","0","2","6","7961","0","0","0","","NO","0.610"
"20261007","Food","Coffee & Tea","원두커피믹스","맥널티커피","FC","67975031","호랭이 커피 오곡향 블랙, 1개, 20개입, 1g","8804645007781","발주가능","정상","0","19","183","2806","0","0","0","","NO","0.610"
"20261007","Food","Coffee & Tea","원두커피믹스","맥널티커피","FC","71629331","맥널티 갓성비 아메리카노 블랙커피, 1개, 100개입, 2g","8804645007873","발주가능","정상","0","49","1091","8534","0","0","0","","NO","0.610"
"20261007","Food","Coffee & Tea","원두커피믹스","아이브루","SFJEJ2","36903434","맥널티 아이브루 플러스 헤이즐넛 블랙커피 100개입","8804645006395","발주불가","규격 외","0","0","12","7623","0","0","0","","NO","0.610"
"20261007","Food","Coffee & Tea","원두커피믹스","아이브루","FC","36903434","맥널티 아이브루 플러스 헤이즐넛 블랙커피 100개입","8804645006395","발주불가","규격 외","0","167","443","7623","0","0","0","","NO","0.610"
"20261007","Food","Coffee & Tea","원두커피믹스","아이브루","FC","36903435","맥널티 아이브루 플러스 오리지널 블랙커피 100개입","8804645006388","발주불가","규격 외","0","0","0","7623","0","0","0","","NO","0.610"
"20261007","Food","Coffee & Tea","원두커피믹스","아이브루","FC","46534985","아이브루 플러스 디카페인 아메리카노 블랙커피, 1개, 80개입, 80g","8804645007118","발주가능","정상","0","30","118","7964","0","0","0","","NO","0.610"
"20261007","Food","Coffee & Tea","원두커피믹스","아이브루","SFJEJ2","56760693","아이브루 플러스 디카페인 블랙커피 헤이즐넛향 (1g x 80개입), 1개","8804645007453","발주가능","정상","0","0","2","7961","0","0","0","","NO","0.610"
"20261007","Food","Coffee & Tea","원두커피믹스","아이브루","FC","56760693","아이브루 플러스 디카페인 블랙커피 헤이즐넛향 (1g x 80개입), 1개","8804645007453","발주가능","정상","0","79","579","7961","0","0","0","","NO","0.610"
"20261007","Food","Coffee & Tea","원두커피믹스","프라이빗클럽","FC","10837643","맥널티 병커피 헤이즐넛향 50gx10개","19311931309161","발주가능","정상","0","5","93","23000","0","0","0","","NO","0.610"
"20261007","Food","Coffee & Tea","원두커피믹스","프라이빗클럽","FC","12091997","Box_입소문난 아이리쉬 50G 10병","19311931311164","발주가능","정상","0","0","34","32309","0","0","0","","NO","0.610"
"20261007","Food","Coffee & Tea","원두커피믹스","프라이빗클럽","FC","52625820","맥널티 인스턴트 원두 병커피 에스프레소 블랙 50g 1개","9311931902167","발주가능","정상","0","26","171","3486","0","0","0","","NO","0.610"
"20261007","Food","Coffee & Tea","율무/견과차","맥널티","SFDCH1","64842417","티브루 호박팥차 진액 10ml 30개입 1개","8804645007675","발주가능","정상","0","0","2","5259","0","0","0","","NO","0.721"
"20261007","Food","Coffee & Tea","율무/견과차","맥널티","SFSSU1","64842417","티브루 호박팥차 진액 10ml 30개입 1개","8804645007675","발주가능","정상","0","0","2","5259","0","0","0","","NO","0.721"
"20261007","Food","Coffee & Tea","율무/견과차","맥널티","FC","64842417","티브루 호박팥차 진액 10ml 30개입 1개","8804645007675","발주가능","정상","0","73","2236","5259","0","0","0","","NO","0.721"
"20261007","Food","Coffee & Tea","율무/견과차","맥널티","SFJEJ2","64842417","티브루 호박팥차 진액 10ml 30개입 1개","8804645007675","발주가능","정상","0","0","3","5259","0","0","0","","NO","0.721"
"20261007","Food","Coffee & Tea","율무/견과차","맥널티커피","FC","39149735","맥널티 스테비아 제로슈가 호두 아몬드 율무차, 1개, 30개입, 450g","8804645006906","발주가능","정상","0","7","469","6815","0","0","0","","NO","0.721"
"20261007","Food","Coffee & Tea","차세트","맥널티커피","FC","78654824","맥널티 스테비아 전통차 선물세트, 1세트, 율무차(30개) + 쌍화차(30개)","8804645008092","발주가능","정상","0","0","267","19091","0","0","0","","NO","0.907"
"20261007","Food","Coffee & Tea","커피믹스","맥널티커피","용인5","45571","맥널티_ 자메이카 블루마운틴 블렌드_226G","8804645100215","발주가능","정상","0","3","7","5000","0","0","0","","NO","0.737"
"20261007","Food","Coffee & Tea","커피믹스","맥널티커피","SFSPA3","45571","맥널티_ 자메이카 블루마운틴 블렌드_226G","8804645100215","발주가능","정상","0","0","2","5000","0","0","0","","NO","0.737"
"20261007","Food","Coffee & Tea","커피믹스","맥널티커피","FC","45571","맥널티_ 자메이카 블루마운틴 블렌드_226G","8804645100215","발주가능","정상","0","87","1606","5000","0","0","0","","NO","0.737"
"20261007","Food","Coffee & Tea","커피믹스","맥널티커피","INC37","45571","맥널티_ 자메이카 블루마운틴 블렌드_226G","8804645100215","발주가능","정상","0","0","8","5000","0","0","0","","NO","0.737"
"20261007","Food","Coffee & Tea","커피믹스","맥널티커피","RC","25240400","맥널티 스테비아 커피믹스 100개입","8804645006067","발주가능","정상","0","0","1080","12941","0","0","0","","NO","0.737"
"20261007","Food","Coffee & Tea","커피믹스","맥널티커피","SFJEJ2","25240400","맥널티 스테비아 커피믹스 100개입","8804645006067","발주가능","정상","0","1","0","12941","0","0","0","","NO","0.737"
"20261007","Food","Coffee & Tea","커피믹스","맥널티커피","FC","25240400","맥널티 스테비아 커피믹스 100개입","8804645006067","발주가능","정상","0","103","287","12941","0","0","0","","NO","0.737"
"20261007","Food","Coffee & Tea","커피믹스","맥널티커피","SFSPA3","25240400","맥널티 스테비아 커피믹스 100개입","8804645006067","발주가능","정상","0","1","7","12941","0","0","0","","NO","0.737"
"20261007","Food","Coffee & Tea","커피믹스","맥널티커피","FC","25240402","맥널티 스테비아 커피믹스 30개입","8804645006074","발주가능","정상","0","51","271","4827","0","0","0","","NO","0.737"
"20261007","Food","Coffee & Tea","커피믹스","맥널티커피","SFSPA3","25240402","맥널티 스테비아 커피믹스 30개입","8804645006074","발주가능","정상","0","0","1","4827","0","0","0","","NO","0.737"
"20261007","Food","Coffee & Tea","커피믹스","맥널티커피","SFSSU1","25240402","맥널티 스테비아 커피믹스 30개입","8804645006074","발주가능","정상","0","0","2","4827","0","0","0","","NO","0.737"
"20261007","Food","Coffee & Tea","커피믹스","맥널티커피","FC","29461862","맥널티 아메리카노 아이스 블랙 100개입","8804645006081","발주가능","정상","0","26","216","5850","0","0","0","","NO","0.737"
"20261007","Food","Coffee & Tea","커피믹스","맥널티커피","SFJEJ2","38933766","맥널티커피 스테비아 디카페인 커피믹스, 1개, 100개입 9.5g","8804645006890","발주가능","정상","0","0","1","15979","0","0","0","","NO","0.737"
"20261007","Food","Coffee & Tea","커피믹스","맥널티커피","SFSSU1","38933766","맥널티커피 스테비아 디카페인 커피믹스, 1개, 100개입 9.5g","8804645006890","발주가능","정상","0","0","2","15979","0","0","0","","NO","0.737"
"20261007","Food","Coffee & Tea","커피믹스","맥널티커피","FC","38933766","맥널티커피 스테비아 디카페인 커피믹스, 1개, 100개입 9.5g","8804645006890","발주가능","정상","0","59","703","15979","0","0","0","","NO","0.737"
"20261007","Food","Coffee & Tea","커피믹스","맥널티커피","FC","40806729","맥널티 스테비아 디카페인 커피믹스, 1개, 30개입, 285g","8804645006777","발주가능","정상","0","35","608","5670","0","0","0","","NO","0.737"
"20261007","Food","Coffee & Tea","커피믹스","맥널티커피","FC","46730880","산양유 단백질 프로틴 스테비아 커피믹스, 1개, 30개입, 300g","8804645007194","발주가능","정상","0","0","0","6243","0","0","0","","YES","0.737"
"20261007","Food","Coffee & Tea","커피믹스","맥널티커피","FC","47303765","산양유 단백질 프로틴 스테비아 커피믹스, 1개, 100개입, 1000g","8804645007187","발주가능","정상","0","5","186","19988","0","0","0","","NO","0.737"
"20261007","Food","Coffee & Tea","커피믹스","맥널티커피","FC","56214466","맥널티커피 아이브루 바닐라 라떼,12g x 100개입(스틱), 1200g , 1개","8804645007460","발주가능","정상","0","12","56","12543","0","0","0","","NO","0.737"
"20261007","Food","Coffee & Tea","커피믹스","맥널티커피","FC","56214467","맥널티커피 아이브루 카라멜 마끼아또, 12g x 100개입(스틱), 1200g , 1개","8804645007484","발주가능","정상","0","17","93","12543","0","0","0","","NO","0.737"
"20261007","Food","Coffee & Tea","커피믹스","맥널티커피","FC","63447822","스테비아 커피믹스 헤이즐넛향 9.5g 30개입 1개","8804645007637","발주가능","정상","0","25","147","4827","0","0","0","","NO","0.737"
"20261007","Food","Coffee & Tea","커피믹스","맥널티커피","FC","64859139","맥널티 스테비아 솔티드 카라멜 커피믹스 10g 1개 30개입","8804645007668","발주가능","정상","0","5","59","5670","0","0","0","","NO","0.737"
"20261007","Food","Coffee & Tea","커피믹스","맥널티커피","FC","69526598","맥널티 갓성비 제로슈가 커피믹스, 1개, 80개입, 9g","8804645007842","발주가능","정상","0","40","740","8805","0","0","0","","NO","0.737"
"20261007","Food","Coffee & Tea","커피믹스","맥널티커피","FC","69634259","맥널티커피 스테비아 커피믹스 헤이즐넛향, 9.5g, 100개입, 1개","8804645007811","발주가능","정상","0","11","35","14261","0","0","0","","NO","0.737"
"20261007","Food","Coffee & Tea","커피믹스","맥널티커피","FC","71115721","호랭이 커피믹스 고소한 오곡향, 1개, 160개입, 9.5g","8804645007880","발주가능","정상","0","1","66","14261","0","0","0","","NO","0.737"
"20261007","Food","Coffee & Tea","커피믹스","맥널티커피","FC","71115722","호랭이 커피믹스 고소한 오곡향, 1개, 20개입, 9.5g","8804645007897","발주가능","정상","0","10","70","2806","0","0","0","","NO","0.737"
"20261007","Food","Coffee & Tea","커피믹스","맥널티커피","FC","80881317","맥널티 갓성비 더블샷 라떼, 1개, 50개입, 14.9g","8804645008054","발주가능","정상","0","2","89","9986","0","0","0","","NO","0.737"
"20261007","Food","Coffee & Tea","커피믹스","아이브루","RC","2341900","맥널티 iBrew 미니 헤이즐넛향 200개입(200g)","8804645000515","발주가능","정상","0","0","360","9917","0","0","0","","NO","0.737"
"20261007","Food","Coffee & Tea","커피믹스","아이브루","FC","2341900","맥널티 iBrew 미니 헤이즐넛향 200개입(200g)","8804645000515","발주가능","정상","0","55","761","9917","0","0","0","","NO","0.737"
"20261007","Food","Coffee & Tea","커피믹스","아이브루","SFSPA3","2341900","맥널티 iBrew 미니 헤이즐넛향 200개입(200g)","8804645000515","발주가능","정상","0","1","5","9917","0","0","0","","NO","0.737"
"20261007","Food","Coffee & Tea","커피믹스","아이브루","SFODD2","2341900","맥널티 iBrew 미니 헤이즐넛향 200개입(200g)","8804645000515","발주가능","정상","0","0","2","9917","0","0","0","","NO","0.737"
"20261007","Food","Coffee & Tea","커피믹스","아이브루","FC","3067423","아이브루 헤이즐넛향 70개입","8804645000706","발주가능","정상","0","12","280","4025","0","0","0","","NO","0.737"
"20261007","Food","Coffee & Tea","커피믹스","아이브루","FC","3067424","아이브루 케냐AA 블렌드 70개입","8804645000690","발주가능","정상","0","2","41","6205","0","0","0","","NO","0.737"
"20261007","Food","Coffee & Tea","커피믹스","아이브루","FC","3067425","아이브루 예가체프 블렌드 70개입","8804645000683","발주가능","정상","0","3","16","6205","0","0","0","","NO","0.737"
"20261007","Food","Coffee & Tea","커피믹스","프라이빗클럽","FC","3067426","인스턴트 병커피 아이리쉬크림 50g","9311931901160","발주가능","정상","0","23","72","3322","0","0","0","","NO","0.737"
"20261007","Food","Coffee & Tea","커피믹스","프라이빗클럽","FC","3067428","인스턴트 병커피 헤이즐넛향 50g","9311931105162","발주가능","정상","0","141","1393","2300","0","0","0","","NO","0.737"
"20261007","Food","Coffee & Tea","커피세트","맥널티커피","FC","26870612","맥널티 핸드드립 버라이어티세트 30개입","8804645006258","발주가능","정상","0","14","1047","9395","0","0","0","","NO","0.899"
"20261007","Food","Coffee & Tea","커피세트","맥널티커피","FC","54651094","인스턴트 원두 병커피 맥널티커피 선물세트 50g x 4개입(에스프레소 2병+헤이즐넛 2병), 1세트","8804645007408","발주가능","정상","0","0","0","15305","0","0","0","","YES","0.899"
"20261007","Food","Drinks","과일음료","맥널티커피","SFJEJ2","24752132","청포도 에이드 190mL 10팩","8804645005893","발주가능","정상","0","0","1","3486","0","0","0","","NO","0.801"
"20261007","Food","Drinks","과일음료","맥널티커피","RC","24752132","청포도 에이드 190mL 10팩","8804645005893","발주가능","정상","0","0","273","3486","0","0","0","","NO","0.801"
"20261007","Food","Drinks","과일음료","맥널티커피","FC","24752132","청포도 에이드 190mL 10팩","8804645005893","발주가능","정상","0","25","348","3486","0","0","0","","NO","0.801"
"20261007","Food","Drinks","과일음료","맥널티커피","FC","24752250","블루레몬 에이드 190mL 10팩","8804645005909","발주가능","정상","0","3","236","3486","0","0","0","","NO","0.801"
"20261007","Food","Drinks","과일음료","맥널티커피","RC","24752250","블루레몬 에이드 190mL 10팩","8804645005909","발주가능","정상","0","0","237","3486","0","0","0","","NO","0.801"
"20261007","Food","Drinks","과일음료","맥널티커피","FC","45580036","맥널티 청매실 에이드 190ml*10개입","8804645007071","발주가능","정상","0","1","218","3486","0","0","0","","NO","0.801"
"20261007","Food","Drinks","농축액(음료베이스)","맥널티","FC","51983601","물 한방울 섞이지 않은 김토끼 유기농 레몬즙, 10개, 20g","8804645007361","발주가능","정상","0","0","42","4077","0","0","0","","NO","0.725"
"20261007","Food","Drinks","농축액(음료베이스)","맥널티","FC","58338694","티브루 보리차 원액 간편 액상스틱 진액, 30개, 10ml","8804645007590","발주가능","정상","0","86","1112","5259","0","0","0","","NO","0.725"
"20261007","Food","Drinks","농축액(음료베이스)","맥널티","FC","58338695","티브루 옥수수수염차 원액 간편 액상스틱 진액, 30개, 10ml","8804645007606","발주가능","정상","0","29","322","5259","0","0","0","","NO","0.725"
"20261007","Food","Drinks","농축액(음료베이스)","맥널티","FC","58338696","티브루 헛개수 원액 간편 액상스틱 진액, 30개, 10ml","8804645007613","발주가능","정상","0","41","215","5259","0","0","0","","NO","0.725"
"20261007","Food","Drinks","농축액(음료베이스)","맥널티커피","FC","62882483","티브루 보리차 진액, 1개, 400g","8804645007651","발주가능","정상","0","4","119","7623","0","0","0","","NO","0.725"
"20261007","Food","Drinks","농축액(음료베이스)","맥널티커피","FC","71636537","맥널티 티브루 호박팥차 무라벨, 20개, 500ml","8804645007934","발주가능","정상","0","18","817","8795","0","0","0","","NO","0.725"
"20261007","Food","Drinks","야채음료","맥널티커피","FC","48914233","맥널티 유자 에이드 190ml 10개","8804645007217","발주가능","정상","0","5","139","3486","0","0","0","","NO","0.638"
"20261007","Food","Drinks","차음료","맥널티커피","SFSSU1","24752251","복숭아 아이스티 190mL 10팩","8804645005886","발주가능","정상","0","0","2","3486","0","0","0","","NO","0.693"
"20261007","Food","Drinks","차음료","맥널티커피","SFDCH1","24752251","복숭아 아이스티 190mL 10팩","8804645005886","발주가능","정상","0","0","2","3486","0","0","0","","NO","0.693"
"20261007","Food","Drinks","차음료","맥널티커피","FC","24752251","복숭아 아이스티 190mL 10팩","8804645005886","발주가능","정상","0","27","540","3486","0","0","0","","NO","0.693"
"20261007","Food","Drinks","차음료","맥널티커피","FC","24944267","맥널티 허니자몽 블랙티 대용량 파우치 1Lx6입","18804645005951","발주가능","정상","0","1","34","10252","0","0","0","","NO","0.693"
"20261007","Food","Drinks","차음료","맥널티커피","FC","24944268","맥널티 복숭아 아이스티 대용량 파우치 1Lx6입","18804645005944","발주가능","정상","0","0","113","10252","0","0","0","","NO","0.693"
"20261007","Food","Drinks","차음료","맥널티커피","FC","26889711","맥널티 제로칼로리 복숭아 아이스티 500ml 24입","18804645006101","발주가능","정상","0","17","169","12205","0","0","0","","NO","0.693"
"20261007","Food","Drinks","차음료","맥널티커피","FC","36669698","제로 아이스티 복숭아, 30개입, 13g","8804645006791","발주가능","정상","0","9","48","5850","0","0","0","","NO","0.693"
"20261007","Food","Drinks","차음료","맥널티커피","FC","36829225","맥널티 제로칼로리 청포도 아이스티 500mlx24입,","18804645006538","발주가능","정상","0","7","52","12205","0","0","0","","NO","0.693"
"20261007","Food","Drinks","차음료","맥널티커피","FC","36829226","제로 아이스티 청포도, 30개입, 13g 1개","8804645006807","발주가능","정상","0","3","57","5850","0","0","0","","NO","0.693"
"20261007","Food","Drinks","차음료","맥널티커피","FC","38262417","복숭아 아이스티 제로, 6개, 1L","18804645006873","발주가능","정상","0","2","22","10577","0","0","0","","NO","0.693"
"20261007","Food","Drinks","차음료","맥널티커피","FC","40520042","맥널티커피 복숭아 아이스티 제로 RTD, 30개, 240ml","18804645006835","발주가능","정상","0","9","207","8795","0","0","0","","NO","0.693"
"20261007","Food","Drinks","차음료","맥널티커피","대구4","61673272","맥널티커피 복숭아 아이스티 제로, 1.5L, 1개","8804645006739","발주가능","정상","0","0","1","1364","0","0","0","","NO","0.693"
"20261007","Food","Drinks","차음료","맥널티커피","FC","61673272","맥널티커피 복숭아 아이스티 제로, 1.5L, 1개","8804645006739","발주가능","정상","0","127","1143","1364","0","0","0","","NO","0.693"
"20261007","Food","Drinks","차음료","맥널티커피","광주3","61673272","맥널티커피 복숭아 아이스티 제로, 1.5L, 1개","8804645006739","발주가능","정상","0","12","1","1364","0","0","0","","NO","0.693"
"20261007","Food","Drinks","차음료","맥널티커피","SFSPA3","61673272","맥널티커피 복숭아 아이스티 제로, 1.5L, 1개","8804645006739","발주가능","정상","0","0","25","1364","0","0","0","","NO","0.693"
"20261007","Food","Drinks","차음료","맥널티커피","용인5","61673272","맥널티커피 복숭아 아이스티 제로, 1.5L, 1개","8804645006739","발주가능","정상","0","0","24","1364","0","0","0","","NO","0.693"
"20261007","Food","Drinks","차음료","맥널티커피","RC","61673272","맥널티커피 복숭아 아이스티 제로, 1.5L, 1개","8804645006739","발주가능","정상","0","0","1248","1364","0","0","0","","NO","0.693"
"20261007","Food","Drinks","차음료","맥널티커피","INC37","61673272","맥널티커피 복숭아 아이스티 제로, 1.5L, 1개","8804645006739","발주가능","정상","0","0","12","1364","0","0","0","","NO","0.693"
"20261007","Food","Drinks","차음료","맥널티커피","CHW2","61673272","맥널티커피 복숭아 아이스티 제로, 1.5L, 1개","8804645006739","발주가능","정상","0","10","10","1364","0","0","0","","NO","0.693"
"20261007","Food","Drinks","차음료","맥널티커피","FC","73944650","맥널티 복숭아 아이스티 대용량 파우치, 1개, 2.1L","8804645007965","발주가능","정상","0","127","638","2413","0","0","0","","NO","0.693"
"20261007","Food","Drinks","차음료","맥널티커피","SFSPA3","73944650","맥널티 복숭아 아이스티 대용량 파우치, 1개, 2.1L","8804645007965","발주가능","정상","0","0","4","2413","0","0","0","","NO","0.693"
"20261007","Food","Drinks","차음료","맥널티커피","SFJEJ2","73944650","맥널티 복숭아 아이스티 대용량 파우치, 1개, 2.1L","8804645007965","발주가능","정상","0","0","0","2413","0","0","0","","NO","0.693"
"20261007","Food","Drinks","차음료","맥널티커피","RC","73944650","맥널티 복숭아 아이스티 대용량 파우치, 1개, 2.1L","8804645007965","발주가능","정상","0","0","792","2413","0","0","0","","NO","0.693"
"20261007","Food","Drinks","차음료","맥널티커피","FC","75850021","맥널티 허니자몽 블랙티, 1L, 1개","8804645005954","발주가능","정상","0","21","139","1714","0","0","0","","NO","0.693"
"20261007","Food","Drinks","커피음료","맥널티커피","FC","24695530","아이스 헤이즐넛향 커피 190mL 10팩","8804645005879","발주가능","정상","0","24","257","3486","0","0","0","","NO","0.703"
"20261007","Food","Drinks","커피음료","맥널티커피","SFJEJ2","24695530","아이스 헤이즐넛향 커피 190mL 10팩","8804645005879","발주가능","정상","0","1","0","3486","0","0","0","","NO","0.703"
"20261007","Food","Drinks","커피음료","맥널티커피","FC","24695531","아이스 아메리카노 스위트 190mL 10팩","8804645005862","발주가능","정상","0","45","448","3486","0","0","0","","NO","0.703"
"20261007","Food","Drinks","커피음료","맥널티커피","RC","24695531","아이스 아메리카노 스위트 190mL 10팩","8804645005862","발주가능","정상","0","0","273","3486","0","0","0","","NO","0.703"
"20261007","Food","Drinks","커피음료","맥널티커피","SFSPA3","24695531","아이스 아메리카노 스위트 190mL 10팩","8804645005862","발주가능","정상","0","1","3","3486","0","0","0","","NO","0.703"
"20261007","Food","Drinks","커피음료","맥널티커피","SFJEJ2","24695531","아이스 아메리카노 스위트 190mL 10팩","8804645005862","발주가능","정상","0","0","0","3486","0","0","0","","NO","0.703"
"20261007","Food","Drinks","커피음료","맥널티커피","SFODD2","24695532","아이스 아메리카노 블랙 190mL 10팩","8804645005855","발주가능","정상","0","0","1","3486","0","0","0","","NO","0.703"
"20261007","Food","Drinks","커피음료","맥널티커피","FC","24695532","아이스 아메리카노 블랙 190mL 10팩","8804645005855","발주가능","정상","0","3","132","3486","0","0","0","","NO","0.703"
"20261007","Food","Drinks","커피음료","맥널티커피","RC","24695532","아이스 아메리카노 블랙 190mL 10팩","8804645005855","발주가능","정상","0","0","273","3486","0","0","0","","NO","0.703"
"20261007","Food","Drinks","커피음료","맥널티커피","FC","25484251","맥널티커피 아메리카노 스위트 1Lx6입","18804645005920","발주가능","정상","0","2","43","10252","0","0","0","","NO","0.703"
"20261007","Food","Drinks","커피음료","맥널티커피","FC","25484255","맥널티 아이스 아메리카노 블랙커피 대용량 파우치 1Lx6입","18804645005913","발주가능","정상","0","2","12","10252","0","0","0","","NO","0.703"
"20261007","Food","Drinks","커피음료","맥널티커피","FC","25484257","맥널티 아이스 헤이즐넛향 커피 대용량 파우치 1Lx6입","18804645005937","발주가능","정상","0","3","121","10252","0","0","0","","NO","0.703"
"20261007","Food","Drinks","커피음료","맥널티커피","FC","48466205","맥널티 대용량 제로슈가 스테비아 믹스커피 음료, 12개, 1L","18804645007290","발주가능","정상","0","14","52","17067","0","0","0","","NO","0.703"
"20261007","Food","Drinks","커피음료","맥널티커피","FC","54922706","맥널티 대용량 제로슈가 스테비아 믹스커피 음료, 1L, 6개","8804645007323","발주가능","정상","0","135","443","8805","0","0","0","","NO","0.703"
"20261007","Food","Drinks","커피음료","맥널티커피","RC","68778940","맥널티 아이브루 아메리카노 블랙커피 12개 1L","18804645007306","발주가능","정상","0","0","80","12205","0","0","0","","NO","0.703"
"20261007","Food","Drinks","커피음료","맥널티커피","FC","68778940","맥널티 아이브루 아메리카노 블랙커피 12개 1L","18804645007306","발주가능","정상","0","262","1442","12205","0","0","0","","NO","0.703"
"20261007","Food","Drinks","커피음료","맥널티커피","FC","68778941","맥널티 아이브루 헤이즐넛향 블랙커피 12개 1L","18804645007504","발주가능","정상","0","47","420","12205","0","0","0","","NO","0.703"
"20261007","Food","Drinks","커피음료","맥널티커피","FC","68778942","아이브루 아메리카노 블랙커피 무라벨 400ML 20개","8804645007491","발주가능","정상","0","276","916","12205","0","0","0","","NO","0.703"
"20261007","Food","Drinks","커피음료","맥널티커피","FC","73951791","맥널티 아이스 아메리카노 블랙 커피 대용량 파우치, 1개, 2.1L","8804645007958","발주가능","정상","0","499","1935","2413","0","0","0","","NO","0.703"
"20261007","Food","Drinks","커피음료","맥널티커피","SFSPA3","73951791","맥널티 아이스 아메리카노 블랙 커피 대용량 파우치, 1개, 2.1L","8804645007958","발주가능","정상","0","8","28","2413","0","0","0","","NO","0.703"
"20261007","Food","Drinks","커피음료","맥널티커피","SFSSU1","73951791","맥널티 아이스 아메리카노 블랙 커피 대용량 파우치, 1개, 2.1L","8804645007958","발주가능","정상","0","0","2","2413","0","0","0","","NO","0.703"
"20261007","Food","Drinks","커피음료","맥널티커피","SFDCH1","73951791","맥널티 아이스 아메리카노 블랙 커피 대용량 파우치, 1개, 2.1L","8804645007958","발주가능","정상","0","1","2","2413","0","0","0","","NO","0.703"
"20261007","Food","Drinks","커피음료","맥널티커피","RC","73951791","맥널티 아이스 아메리카노 블랙 커피 대용량 파우치, 1개, 2.1L","8804645007958","발주가능","정상","0","0","5120","2413","0","0","0","","NO","0.703"
"20261007","Food","Drinks","커피음료","맥널티커피","SFJEJ2","73951791","맥널티 아이스 아메리카노 블랙 커피 대용량 파우치, 1개, 2.1L","8804645007958","발주가능","정상","0","2","4","2413","0","0","0","","NO","0.703"
"20261007","Food","Drinks","커피음료","맥널티커피","SFSPA3","75683093","맥널티 아이스 아메리카노 블랙 1리터, 1L, 1개","8804645005916","발주가능","정상","0","0","1","1714","0","0","0","","NO","0.703"
"20261007","Food","Drinks","커피음료","맥널티커피","FC","75683093","맥널티 아이스 아메리카노 블랙 1리터, 1L, 1개","8804645005916","발주가능","정상","0","8","723","1714","0","0","0","","NO","0.703"
"20261007","Food","Drinks","커피음료","맥널티커피","SFJEJ2","75683093","맥널티 아이스 아메리카노 블랙 1리터, 1L, 1개","8804645005916","발주가능","정상","0","0","1","1714","0","0","0","","NO","0.703"
"20261007","Food","Drinks","커피음료","맥널티커피","FC","75694561","맥널티커피 아이스 아메리카노 헤이즐넛, 1개, 1L","8804645005930","발주가능","정상","0","13","1236","1714","0","0","0","","NO","0.703"
"20261007","Food","Drinks","커피음료","맥널티커피","FC","75765043","맥널티 아이스아메리카노 스위트, 1개, 1L","8804645005923","발주가능","정상","0","21","737","1714","0","0","0","","NO","0.703"
"20261007","Food","Drinks","커피음료","맥널티커피","FC","76540319","맥널티 호랭이 마일드 라떼 캔커피, 30개, 175ml","18804645008013","발주가능","정상","0","78","718","8523","0","0","0","","NO","0.703"
"20261007","Food","Drinks","커피음료","맥널티커피","SFSPA3","77572705","맥널티 아이스 아메리카노 헤이즐넛, 1개, 2.1L","8804645008030","발주가능","정상","0","6","3","2413","0","0","0","","NO","0.703"
"20261007","Food","Drinks","커피음료","맥널티커피","RC","77572705","맥널티 아이스 아메리카노 헤이즐넛, 1개, 2.1L","8804645008030","발주가능","정상","0","0","0","2413","0","0","0","","NO","0.703"
"20261007","Food","Drinks","커피음료","맥널티커피","FC","77572705","맥널티 아이스 아메리카노 헤이즐넛, 1개, 2.1L","8804645008030","발주가능","정상","0","183","1224","2413","0","0","0","","NO","0.703"
"20261007","Food","Drinks","커피음료","맥널티커피","SFJEJ2","77572705","맥널티 아이스 아메리카노 헤이즐넛, 1개, 2.1L","8804645008030","발주가능","정상","0","4","1","2413","0","0","0","","NO","0.703"
"20261007","Food","Drinks","커피음료","아이브루","FC","70253954","아이브루 디카페인 아메리카노 블랙커피 무라벨, 20개, 400ml","8804645007903","발주가능","정상","0","61","667","13500","0","0","0","","NO","0.703"
"20261007","Kitchen","Tools & Gadgets","드립주전자/포트","맥널티커피","FC","15333511","맥널티 드립 주전자 350ml","8804645004490","발주가능","정상","0","0","233","5044","0","0","0","","NO","0.789"
"20261007","Kitchen","Tools & Gadgets","커피필터/여과지","맥널티","SFJEJ2","12491225","맥널티 핸드드립 커피필터 30개입","8804645300950","발주가능","정상","0","1","1","2642","0","0","0","","NO","0.519"
"20261007","Kitchen","Tools & Gadgets","커피필터/여과지","맥널티","FC","12491225","맥널티 핸드드립 커피필터 30개입","8804645300950","발주가능","정상","0","85","864","2642","0","0","0","","NO","0.519"
"20261007","Kitchen","Tools & Gadgets","커피필터/여과지","맥널티커피","FC","80552848","맥널티 천연펄프 무표백 핸드드립 커피필터 여과지(5~7인용), 1개, 100개입","8804645000027","발주가능","정상","0","2","5","2864","0","0","0","","NO","0.519"
"20261007","Kitchen","Tools & Gadgets","커피필터/여과지","맥널티커피","FC","80552849","맥널티 천연펄프 무표백 핸드드립 커피필터 여과지(2~4인용), 1개, 100개입","8804645000010","발주가능","정상","0","21","10","2418","0","0","0","","YES","0.519"
