발주번호,발주유형,발주현황,SKU ID,SKU 이름,SKU Barcode,물류센터,입고예정일,발주일,발주수량,확정수량,입고수량,매입유형,면세여부,생산연도,제조일자,유통(소비)기한,매입가,공급가,부가세,총발주 매입금,입고금액,Xdock
144229604,일반,발주확정,80855135,"맥널티 브라질 산토스 싱글오리진 커피 원두, 1개, 1kg",8804645008122,인천4,2026-10-13,2026-10-07 09:15:55,6,6,0,직매입,N,,20251013,20271012,19465,17695,1770,116790,0,N
144215407,일반,발주확정,80661387,"베트남 로부스타 G1 싱글오리진 커피 원두, 1개, 1kg",8804645006869,인천4,2026-10-13,2026-10-07 09:15:27,36,36,0,직매입,N,,20251013,20271012,11815,10741,1074,425340,0,N
144215321,일반,발주확정,80661387,"베트남 로부스타 G1 싱글오리진 커피 원두, 1개, 1kg",8804645006869,인천4,2026-10-13,2026-10-07 09:15:27,24,24,0,직매입,N,,20251013,20271012,11815,10741,1074,283560,0,N
144215172,일반,발주확정,80661387,"베트남 로부스타 G1 싱글오리진 커피 원두, 1개, 1kg",8804645006869,인천4,2026-10-13,2026-10-07 09:15:27,36,36,0,직매입,N,,20251013,20271012,11815,10741,1074,425340,0,N
144214992,일반,발주확정,80686777,"맥널티 투비 데일리 블렌드 홀빈 원두 커피 고소한 너티 로스팅, 1개, 1kg",8804645008023,인천4,2026-10-13,2026-10-07 09:15:27,18,18,0,직매입,N,,20251013,20271012,16915,15377,1538,304470,0,N
144214992,일반,발주확정,80661387,"베트남 로부스타 G1 싱글오리진 커피 원두, 1개, 1kg",8804645006869,인천4,2026-10-13,2026-10-07 09:15:27,36,36,0,직매입,N,,20251013,20271012,11815,10741,1074,425340,0,N
144165925,일반,발주확정,64842417,티브루 호박팥차 진액 10ml 30개입 1개,8804645007675,MINC34,2026-10-15,2026-10-06 17:16:31,420,420,0,직매입,N,,20251015,20271014,5785,5259,526,2429700,0,N
144165925,일반,발주확정,58338695,"티브루 옥수수수염차 원액 간편 액상스틱 진액, 30개, 10ml",8804645007606,MINC34,2026-10-15,2026-10-06 17:16:31,48,48,0,직매입,N,,20251015,20271014,5785,5259,526,277680,0,N
144165925,일반,발주확정,73951791,"맥널티 아이스 아메리카노 블랙 커피 대용량 파우치, 1개, 2.1L",8804645007958,MINC34,2026-10-15,2026-10-06 17:16:31,80,80,0,직매입,N,,20251015,20271014,2654,2413,241,212320,0,N
144165738,일반,발주확정,25240400,맥널티 스테비아 커피믹스 100개입,8804645006067,XRC06(RC),2026-10-13,2026-10-06 17:16:30,360,360,0,직매입,N,,20251013,20271012,14235,12941,1294,5124600,0,N
144165738,일반,발주확정,73944650,"맥널티 복숭아 아이스티 대용량 파우치, 1개, 2.1L",8804645007965,XRC06(RC),2026-10-13,2026-10-06 17:16:30,1188,1188,0,직매입,N,,20260116,20270709,2654,2413,241,3152952,0,N
144165738,일반,발주확정,45572,맥널티_헤이즐넛원두분쇄커피_500G,8804645100468,XRC06(RC),2026-10-13,2026-10-06 17:16:30,640,640,0,직매입,N,,20251018,20271007,8756,7960,796,5603840,0,N
144165738,일반,발주확정,10812901,맥널티 베트남 로부스타 원두커피 1kg,8804645003066,XRC06(RC),2026-10-13,2026-10-06 17:16:30,400,400,0,직매입,N,,,20271012,12870,11700,1170,5148000,0,N
144165664,일반,발주확정,73951791,"맥널티 아이스 아메리카노 블랙 커피 대용량 파우치, 1개, 2.1L",8804645007958,XRC11(RC),2026-10-13,2026-10-06 17:16:30,640,640,0,직매입,N,,20251013,20271012,2654,2413,241,1698560,0,N
144165662,일반,발주확정,13277719,맥널티 행복을 주는 커피 콜롬비아 블렌드 1kg,8804645003929,인천4,2026-10-13,2026-10-06 17:16:30,50,50,0,직매입,N,,,20271012,17159,15599,1560,857950,0,N
144165662,일반,발주확정,73944650,"맥널티 복숭아 아이스티 대용량 파우치, 1개, 2.1L",8804645007965,인천4,2026-10-13,2026-10-06 17:16:30,40,40,0,직매입,N,,20260116,20270709,2654,2413,241,106160,0,N
144165618,일반,발주확정,36863185,맥널티 대용량 제로칼로리 복숭아 아이스티 1.5L 12개,18804645006736,인천26,2026-10-13,2026-10-06 17:16:30,144,144,0,직매입,N,,20260112,20270713,16425,14932,1493,2365200,0,N
144165618,일반,발주확정,68778942,아이브루 아메리카노 블랙커피 무라벨 400ML 20개,8804645007491,인천26,2026-10-13,2026-10-06 17:16:30,1274,1274,0,직매입,N,,20260414,20270413,13425,12205,1220,17103450,0,N
144165618,일반,발주확정,76540319,"맥널티 호랭이 마일드 라떼 캔커피, 30개, 175ml",18804645008013,인천26,2026-10-13,2026-10-06 17:16:30,286,286,0,직매입,N,,20251013,20271012,9375,8523,852,2681250,0,N
144165556,일반,발주확정,69526598,"맥널티 갓성비 제로슈가 커피믹스, 1개, 80개입, 9g",8804645007842,인천4,2026-10-13,2026-10-06 17:16:30,360,360,0,직매입,N,,20251013,20271012,9685,8805,880,3486600,0,N
144165556,일반,발주확정,38933766,"맥널티커피 스테비아 디카페인 커피믹스, 1개, 100개입 9.5g",8804645006890,인천4,2026-10-13,2026-10-06 17:16:30,96,96,0,직매입,N,,20251013,20271012,17577,15979,1598,1687392,0,N
144165556,일반,발주확정,61673272,"맥널티커피 복숭아 아이스티 제로, 1.5L, 1개",8804645006739,인천4,2026-10-13,2026-10-06 17:16:30,216,216,0,직매입,N,,20260116,20270709,1500,1364,136,324000,0,N
144165556,일반,발주확정,73944650,"맥널티 복숭아 아이스티 대용량 파우치, 1개, 2.1L",8804645007965,인천4,2026-10-13,2026-10-06 17:16:30,20,20,0,직매입,N,,20260116,20270709,2654,2413,241,53080,0,N
144165406,일반,발주확정,38933766,"맥널티커피 스테비아 디카페인 커피믹스, 1개, 100개입 9.5g",8804645006890,인천4,2026-10-13,2026-10-06 17:16:30,96,96,0,직매입,N,,20251013,20271012,17577,15979,1598,1687392,0,N
144164914,일반,발주확정,36863185,맥널티 대용량 제로칼로리 복숭아 아이스티 1.5L 12개,18804645006736,경기광주5,2026-10-13,2026-10-06 17:16:29,96,96,0,직매입,N,,20260112,20270713,16425,14932,1493,1576800,0,N
144164863,일반,발주확정,61673272,"맥널티커피 복숭아 아이스티 제로, 1.5L, 1개",8804645006739,인천4,2026-10-13,2026-10-06 17:16:29,72,72,0,직매입,N,,20260116,20270709,1500,1364,136,108000,0,N
144164833,일반,발주확정,68778942,아이브루 아메리카노 블랙커피 무라벨 400ML 20개,8804645007491,경기광주5,2026-10-13,2026-10-06 17:16:29,91,91,0,직매입,N,,20260414,20270413,13425,12205,1220,1221675,0,N
144164831,일반,발주확정,73951791,"맥널티 아이스 아메리카노 블랙 커피 대용량 파우치, 1개, 2.1L",8804645007958,XRC11(RC),2026-10-13,2026-10-06 17:16:29,320,320,0,직매입,N,,20251013,20271012,2654,2413,241,849280,0,N
144164817,일반,발주확정,13277719,맥널티 행복을 주는 커피 콜롬비아 블렌드 1kg,8804645003929,인천4,2026-10-13,2026-10-06 17:16:29,50,50,0,직매입,N,,,20271012,17159,15599,1560,857950,0,N
144164782,일반,발주확정,73951791,"맥널티 아이스 아메리카노 블랙 커피 대용량 파우치, 1개, 2.1L",8804645007958,인천4,2026-10-13,2026-10-06 17:16:29,80,80,0,직매입,N,,20251013,20271012,2654,2413,241,212320,0,N
144164716,일반,발주확정,61673272,"맥널티커피 복숭아 아이스티 제로, 1.5L, 1개",8804645006739,인천4,2026-10-13,2026-10-06 17:16:29,72,72,0,직매입,N,,20260116,20270709,1500,1364,136,108000,0,N
144164716,일반,발주확정,71629331,"맥널티 갓성비 아메리카노 블랙커피, 1개, 100개입, 2g",8804645007873,인천4,2026-10-13,2026-10-06 17:16:29,360,360,0,직매입,N,,20251013,20271012,9387,8534,853,3379320,0,N
144164716,일반,발주확정,13277719,맥널티 행복을 주는 커피 콜롬비아 블렌드 1kg,8804645003929,인천4,2026-10-13,2026-10-06 17:16:29,50,50,0,직매입,N,,,20271012,17159,15599,1560,857950,0,N
144164716,일반,발주확정,38933766,"맥널티커피 스테비아 디카페인 커피믹스, 1개, 100개입 9.5g",8804645006890,인천4,2026-10-13,2026-10-06 17:16:29,48,48,0,직매입,N,,20251013,20271012,17577,15979,1598,843696,0,N
144164618,일반,발주확정,73951791,"맥널티 아이스 아메리카노 블랙 커피 대용량 파우치, 1개, 2.1L",8804645007958,인천4,2026-10-13,2026-10-06 17:16:29,80,80,0,직매입,N,,20251013,20271012,2654,2413,241,212320,0,N
144135918,일반,발주확정,46534985,"아이브루 플러스 디카페인 아메리카노 블랙커피, 1개, 80개입, 80g",8804645007118,인천4,2026-10-13,2026-10-06 12:19:54,80,80,0,직매입,N,,20251013,20271012,8760,7964,796,700800,0,N
144135918,일반,발주확정,3067426,인스턴트 병커피 아이리쉬크림 50g,9311931901160,인천4,2026-10-13,2026-10-06 12:19:54,10,10,0,직매입,N,,20241225,20271224,3654,3322,332,36540,0,N
144135820,일반,발주확정,77572705,"맥널티 아이스 아메리카노 헤이즐넛, 1개, 2.1L",8804645008030,XRC13(RC),2026-10-13,2026-10-06 12:19:54,312,312,0,직매입,N,,20251013,20271012,2654,2413,241,828048,0,N
144135820,일반,발주확정,24695531,아이스 아메리카노 스위트 190mL 10팩,8804645005862,XRC13(RC),2026-10-13,2026-10-06 12:19:54,273,273,0,직매입,N,,20251013,20271012,3835,3486,349,1046955,0,N
144135724,일반,발주확정,62672352,맥널티 아이브루 플러스 스위트 블랙 원두커피믹스 80개입 2.8g,8804645007620,인천4,2026-10-13,2026-10-06 12:19:54,10,10,0,직매입,N,,20251013,20271012,8757,7961,796,87570,0,N
144135631,일반,발주확정,70253954,"아이브루 디카페인 아메리카노 블랙커피 무라벨, 20개, 400ml",8804645007903,전라광주5,2026-10-13,2026-10-06 12:19:54,91,91,0,직매입,N,,20260414,20270413,14850,13500,1350,1351350,0,N
144135575,일반,발주확정,68778940,맥널티 아이브루 아메리카노 블랙커피 12개 1L,18804645007306,전라광주5,2026-10-13,2026-10-06 12:19:54,240,240,0,직매입,N,,20260414,20270413,13425,12205,1220,3222000,0,N
144135480,일반,발주확정,68778941,맥널티 아이브루 헤이즐넛향 블랙커피 12개 1L,18804645007504,안성8,2026-10-13,2026-10-06 12:19:54,80,80,0,직매입,N,,20260414,20270413,13425,12205,1220,1074000,0,N
144135386,일반,발주확정,68778940,맥널티 아이브루 아메리카노 블랙커피 12개 1L,18804645007306,마장1,2026-10-13,2026-10-06 12:19:54,720,720,0,직매입,N,,20260414,20270413,13425,12205,1220,9666000,0,N
144135118,일반,발주확정,58850533,"하와이안 코나 블렌드 분쇄 커피 원두, 1개, 226g, 핸드드립",8804645007521,인천4,2026-10-13,2026-10-06 12:19:53,8,8,0,직매입,N,,20251013,20271012,8505,7732,773,68040,0,N
144135118,일반,발주확정,58681131,"브라질 산토스 오리진 분쇄 커피 원두, 226g, 1개, 핸드드립",8804645007545,인천4,2026-10-13,2026-10-06 12:19:53,8,8,0,직매입,N,,20251013,20271012,7875,7159,716,63000,0,N
144135118,일반,발주확정,69634259,"맥널티커피 스테비아 커피믹스 헤이즐넛향, 9.5g, 100개입, 1개",8804645007811,인천4,2026-10-13,2026-10-06 12:19:53,8,8,0,직매입,N,,20251013,20271012,15687,14261,1426,125496,0,N
144135118,일반,발주확정,58681130,콜롬비아 안데스 오리진 분쇄 커피 원두 1개 226g 핸드드립,8804645007552,인천4,2026-10-13,2026-10-06 12:19:53,8,8,0,직매입,N,,20251013,20271012,7875,7159,716,63000,0,N
144135118,일반,발주확정,39616646,"맥널티 게이샤 블렌드 커피 원두, 홀빈(분쇄안함), 500g, 1개",8804645006708,인천4,2026-10-13,2026-10-06 12:19:53,8,8,0,직매입,N,,20251013,20271012,12540,11400,1140,100320,0,N
144135118,일반,발주확정,39616647,"맥널티 하와이안 코나 블렌드 커피 원두, 홀빈(분쇄안함), 500g, 1개",8804645006685,인천4,2026-10-13,2026-10-06 12:19:53,24,24,0,직매입,N,,20251013,20271012,12540,11400,1140,300960,0,N
144135118,일반,발주확정,3067426,인스턴트 병커피 아이리쉬크림 50g,9311931901160,인천4,2026-10-13,2026-10-06 12:19:53,10,10,0,직매입,N,,20241225,20271224,3654,3322,332,36540,0,N
144135118,일반,발주확정,58338696,"티브루 헛개수 원액 간편 액상스틱 진액, 30개, 10ml",8804645007613,인천4,2026-10-13,2026-10-06 12:19:53,16,16,0,직매입,N,,20251013,20271012,5785,5259,526,92560,0,N
144135024,일반,발주확정,41391235,"맥널티 행복을주는커피 시그니처 블렌드 핸드드립 커피 20개입, 1개, 8g",8804645003653,인천4,2026-10-13,2026-10-06 12:19:53,48,48,0,직매입,N,2025,20251013,20271012,7475,6795,680,358800,0,N
144134920,일반,발주확정,54922706,"맥널티 대용량 제로슈가 스테비아 믹스커피 음료, 1L, 6개",8804645007323,마장1,2026-10-13,2026-10-06 12:19:53,160,160,0,직매입,N,,20260414,20270413,9685,8805,880,1549600,0,N
144134825,일반,발주확정,77572705,"맥널티 아이스 아메리카노 헤이즐넛, 1개, 2.1L",8804645008030,인천4,2026-10-13,2026-10-06 12:19:53,124,124,0,직매입,N,,20251013,20271012,2654,2413,241,329096,0,N
144134825,일반,발주확정,62672352,맥널티 아이브루 플러스 스위트 블랙 원두커피믹스 80개입 2.8g,8804645007620,인천4,2026-10-13,2026-10-06 12:19:53,10,10,0,직매입,N,,20251013,20271012,8757,7961,796,87570,0,N
144134713,일반,발주확정,77572705,"맥널티 아이스 아메리카노 헤이즐넛, 1개, 2.1L",8804645008030,창원4,2026-10-13,2026-10-06 12:19:53,100,100,0,직매입,N,,20251013,20271012,2654,2413,241,265400,0,N
144134713,일반,발주확정,3067428,인스턴트 병커피 헤이즐넛향 50g,9311931105162,창원4,2026-10-13,2026-10-06 12:19:53,300,300,0,직매입,N,,20241225,20271224,3654,3322,332,1096200,0,N
144132927,일반,발주확정,15720531,콜롬비아 블랙 100개입,8804645002861,MGMH5,2026-10-15,2026-10-06 12:19:49,384,384,0,직매입,N,,20251015,20271014,6979,6345,634,2679936,0,N
144132927,일반,발주확정,2341900,맥널티 iBrew 미니 헤이즐넛향 200개입(200g),8804645000515,MGMH5,2026-10-15,2026-10-06 12:19:49,360,360,0,직매입,N,,20251015,20271014,10909,9917,992,3927240,0,N
144132927,일반,발주확정,36903434,맥널티 아이브루 플러스 헤이즐넛 블랙커피 100개입,8804645006395,MGMH5,2026-10-15,2026-10-06 12:19:49,560,560,0,직매입,N,,20251015,20271014,8385,7623,762,4695600,0,N
144130869,일반,발주확정,58850533,"하와이안 코나 블렌드 분쇄 커피 원두, 1개, 226g, 핸드드립",8804645007521,인천4,2026-10-15,2026-10-06 12:19:43,16,16,0,직매입,N,,20251015,20271014,8505,7732,773,136080,0,N
144130824,일반,발주확정,58850533,"하와이안 코나 블렌드 분쇄 커피 원두, 1개, 226g, 핸드드립",8804645007521,인천4,2026-10-15,2026-10-06 12:19:43,16,16,0,직매입,N,,20251015,20271014,8505,7732,773,136080,0,N
144130782,일반,발주확정,37713094,"맥널티 핸드드립커피 케냐AA(더블에이) 36개입, 8g, 1개",8804645006616,인천4,2026-10-15,2026-10-06 12:19:43,12,12,0,직매입,N,,20251015,20271014,12935,11759,1176,155220,0,N
144130737,일반,발주확정,58850533,"하와이안 코나 블렌드 분쇄 커피 원두, 1개, 226g, 핸드드립",8804645007521,인천4,2026-10-15,2026-10-06 12:19:43,16,16,0,직매입,N,,20251015,20271014,8505,7732,773,136080,0,N
144130723,일반,발주확정,58850533,"하와이안 코나 블렌드 분쇄 커피 원두, 1개, 226g, 핸드드립",8804645007521,인천4,2026-10-15,2026-10-06 12:19:43,16,16,0,직매입,N,,20251015,20271014,8505,7732,773,136080,0,N
144129654,일반,발주확정,68778940,맥널티 아이브루 아메리카노 블랙커피 12개 1L,18804645007306,전라광주5,2026-10-15,2026-10-06 12:19:41,240,240,0,직매입,N,,20260416,20270415,13425,12205,1220,3222000,0,N
144129647,일반,발주확정,70253954,"아이브루 디카페인 아메리카노 블랙커피 무라벨, 20개, 400ml",8804645007903,전라광주5,2026-10-15,2026-10-06 12:19:41,91,91,0,직매입,N,,20260416,20270415,14850,13500,1350,1351350,0,N
144129643,일반,발주확정,39616646,"맥널티 게이샤 블렌드 커피 원두, 홀빈(분쇄안함), 500g, 1개",8804645006708,인천4,2026-10-15,2026-10-06 12:19:41,16,16,0,직매입,N,,20251015,20271014,12540,11400,1140,200640,0,N
144129642,일반,발주확정,77572705,"맥널티 아이스 아메리카노 헤이즐넛, 1개, 2.1L",8804645008030,인천4,2026-10-15,2026-10-06 12:19:41,112,112,0,직매입,N,,20251015,20271014,2654,2413,241,297248,0,N
144129623,일반,발주확정,68778940,맥널티 아이브루 아메리카노 블랙커피 12개 1L,18804645007306,전라광주5,2026-10-15,2026-10-06 12:19:41,480,480,0,직매입,N,,20260416,20270415,13425,12205,1220,6444000,0,N
144129592,일반,발주확정,39616646,"맥널티 게이샤 블렌드 커피 원두, 홀빈(분쇄안함), 500g, 1개",8804645006708,인천4,2026-10-15,2026-10-06 12:19:41,16,16,0,직매입,N,,20251015,20271014,12540,11400,1140,200640,0,N
144129588,일반,발주확정,68778940,맥널티 아이브루 아메리카노 블랙커피 12개 1L,18804645007306,전라광주5,2026-10-15,2026-10-06 12:19:41,480,480,0,직매입,N,,20260416,20270415,13425,12205,1220,6444000,0,N
144129543,일반,발주확정,39616646,"맥널티 게이샤 블렌드 커피 원두, 홀빈(분쇄안함), 500g, 1개",8804645006708,인천4,2026-10-15,2026-10-06 12:19:41,16,16,0,직매입,N,,20251015,20271014,12540,11400,1140,200640,0,N
144064021,일반,발주확정,13277719,맥널티 행복을 주는 커피 콜롬비아 블렌드 1kg,8804645003929,인천4,2026-10-13,2026-10-06 09:34:38,50,50,0,직매입,N,,,20271012,17159,15599,1560,857950,0,N
144064021,일반,발주확정,77572705,"맥널티 아이스 아메리카노 헤이즐넛, 1개, 2.1L",8804645008030,인천4,2026-10-13,2026-10-06 09:34:38,16,16,0,직매입,N,,20251013,20271012,2654,2413,241,42464,0,N
144064021,일반,발주확정,36903434,맥널티 아이브루 플러스 헤이즐넛 블랙커피 100개입,8804645006395,인천4,2026-10-13,2026-10-06 09:34:38,280,280,0,직매입,N,,20251013,20271012,8385,7623,762,2347800,0,N
144063801,일반,발주확정,37255103,"한국맥널티 맥널티x강릉 보사노바 브라질 세라도 NY.2 핸드드립 7개입, 8g, 1개",8804645005091,인천4,2026-10-13,2026-10-06 09:34:38,2,2,0,직매입,N,,20251013,20271012,3887,3534,353,7774,0,N
144063801,일반,발주확정,23400104,맥널티 브라질 벨라비스타 핸드드립 원두커피 24개입,8804645005718,인천4,2026-10-13,2026-10-06 09:34:38,6,6,0,직매입,N,,20251013,20271012,9685,8805,880,58110,0,N
144063801,일반,발주확정,29518930,카페 맥널티 맥널티 순수한 청귤청 460g,8804645006180,인천4,2026-10-13,2026-10-06 09:34:38,6,6,0,직매입,N,,20251013,20271012,4485,4077,408,26910,0,N
144063784,일반,발주확정,63447822,스테비아 커피믹스 헤이즐넛향 9.5g 30개입 1개,8804645007637,인천4,2026-10-13,2026-10-06 09:34:38,36,36,0,직매입,N,,20251013,20271012,5310,4827,483,191160,0,N
144063510,일반,발주확정,80552849,"맥널티 천연펄프 무표백 핸드드립 커피필터 여과지(2~4인용), 1개, 100개입",8804645000010,인천4,2026-10-13,2026-10-06 09:34:38,43,43,0,직매입,N,,,,2660,2418,242,114380,0,N
144063322,일반,발주확정,80552849,"맥널티 천연펄프 무표백 핸드드립 커피필터 여과지(2~4인용), 1개, 100개입",8804645000010,인천4,2026-10-13,2026-10-06 09:34:37,86,86,0,직매입,N,,,,2660,2418,242,228760,0,N
144063200,일반,발주확정,80552849,"맥널티 천연펄프 무표백 핸드드립 커피필터 여과지(2~4인용), 1개, 100개입",8804645000010,인천4,2026-10-13,2026-10-06 09:34:37,43,43,0,직매입,N,,,,2660,2418,242,114380,0,N
144063113,일반,발주확정,76540319,"맥널티 호랭이 마일드 라떼 캔커피, 30개, 175ml",18804645008013,용인1,2026-10-13,2026-10-06 09:34:37,143,143,0,직매입,N,,20251013,20271012,9375,8523,852,1340625,0,N
144063005,일반,발주확정,80552849,"맥널티 천연펄프 무표백 핸드드립 커피필터 여과지(2~4인용), 1개, 100개입",8804645000010,인천4,2026-10-13,2026-10-06 09:34:37,43,43,0,직매입,N,,,,2660,2418,242,114380,0,N
144062958,일반,발주확정,80855137,"맥널티 에티오피아 예가체프 G2 원두 1kg, 1개, 홀빈(분쇄안함)",8804645006449,인천4,2026-10-13,2026-10-06 09:34:37,42,42,0,직매입,N,,20251013,20271012,24565,22332,2233,1031730,0,N
144062903,일반,발주확정,37713095,"맥널티 핸드드립커피 에티오피아 예가체프 36개입, 8g, 1개",8804645006623,인천4,2026-10-13,2026-10-06 09:34:37,12,12,0,직매입,N,,,20271012,11635,10577,1058,139620,0,N
144062903,일반,발주확정,62672352,맥널티 아이브루 플러스 스위트 블랙 원두커피믹스 80개입 2.8g,8804645007620,인천4,2026-10-13,2026-10-06 09:34:37,10,10,0,직매입,N,,20251013,20271012,8757,7961,796,87570,0,N
144062903,일반,발주확정,3067433,산지별 에티오피아 코케 허니 핸드드립커피 7개입,8804645000348,인천4,2026-10-13,2026-10-06 09:34:37,80,80,0,직매입,N,,20251013,20271012,3201,2910,291,256080,0,N
144062860,일반,발주확정,77572705,"맥널티 아이스 아메리카노 헤이즐넛, 1개, 2.1L",8804645008030,인천4,2026-10-13,2026-10-06 09:34:37,84,84,0,직매입,N,,20251013,20271012,2654,2413,241,222936,0,N
144062860,일반,발주확정,73944650,"맥널티 복숭아 아이스티 대용량 파우치, 1개, 2.1L",8804645007965,인천4,2026-10-13,2026-10-06 09:34:37,164,164,0,직매입,N,,20260116,20270709,2654,2413,241,435256,0,N
144062771,일반,발주확정,80552849,"맥널티 천연펄프 무표백 핸드드립 커피필터 여과지(2~4인용), 1개, 100개입",8804645000010,인천4,2026-10-13,2026-10-06 09:34:37,43,43,0,직매입,N,,,,2660,2418,242,114380,0,N
144062720,일반,발주확정,76540319,"맥널티 호랭이 마일드 라떼 캔커피, 30개, 175ml",18804645008013,용인1,2026-10-13,2026-10-06 09:34:37,286,286,0,직매입,N,,20251013,20271012,9375,8523,852,2681250,0,N
144062579,일반,발주확정,54922706,"맥널티 대용량 제로슈가 스테비아 믹스커피 음료, 1L, 6개",8804645007323,대구8,2026-10-13,2026-10-06 09:34:37,160,160,0,직매입,N,,20260414,20270413,9685,8805,880,1549600,0,N
144062544,일반,발주확정,80552849,"맥널티 천연펄프 무표백 핸드드립 커피필터 여과지(2~4인용), 1개, 100개입",8804645000010,인천4,2026-10-13,2026-10-06 09:34:37,86,86,0,직매입,N,,,,2660,2418,242,228760,0,N
144062155,일반,발주확정,68778942,아이브루 아메리카노 블랙커피 무라벨 400ML 20개,8804645007491,경기광주5,2026-10-13,2026-10-06 09:34:36,91,91,0,직매입,N,,20260414,20270413,13425,12205,1220,1221675,0,N
144062155,일반,발주확정,26889706,맥널티 제로칼로리 자몽 아이스티 500ml 24입,18804645006095,경기광주5,2026-10-13,2026-10-06 09:34:36,40,40,0,직매입,N,,20260116,20270709,13425,12205,1220,537000,0,N
144062007,일반,발주확정,36903434,맥널티 아이브루 플러스 헤이즐넛 블랙커피 100개입,8804645006395,인천4,2026-10-13,2026-10-06 09:34:36,280,280,0,직매입,N,,20251013,20271012,8385,7623,762,2347800,0,N
144062007,일반,발주확정,39616646,"맥널티 게이샤 블렌드 커피 원두, 홀빈(분쇄안함), 500g, 1개",8804645006708,인천4,2026-10-13,2026-10-06 09:34:36,16,16,0,직매입,N,,20251013,20271012,12540,11400,1140,200640,0,N
144062007,일반,발주확정,58338694,"티브루 보리차 원액 간편 액상스틱 진액, 30개, 10ml",8804645007590,인천4,2026-10-13,2026-10-06 09:34:36,640,640,0,직매입,N,,20251013,20271012,5785,5259,526,3702400,0,N
144062007,일반,발주확정,68147034,"베니스브루 스페셜티 핸드드립 가향 커피 쇼콜라 모카, 1개, 7개입, 12g",8804645007729,인천4,2026-10-13,2026-10-06 09:34:36,6,6,0,직매입,N,2025,20251013,20271012,5657,5143,514,33942,0,N
144061979,일반,발주확정,80855134,"맥널티 콜롬비아 수프리모 후일라 커피 원두, 1kg, 1개",8804645006432,인천4,2026-10-13,2026-10-06 09:34:36,18,18,0,직매입,N,,20251013,20271012,27965,25423,2542,503370,0,N
144061792,일반,발주확정,63447822,스테비아 커피믹스 헤이즐넛향 9.5g 30개입 1개,8804645007637,인천4,2026-10-13,2026-10-06 09:34:36,12,12,0,직매입,N,,20251013,20271012,5310,4827,483,63720,0,N
144061792,일반,발주확정,13277719,맥널티 행복을 주는 커피 콜롬비아 블렌드 1kg,8804645003929,인천4,2026-10-13,2026-10-06 09:34:36,50,50,0,직매입,N,,,20271012,17159,15599,1560,857950,0,N
144061792,일반,발주확정,26477367,맥널티 리얼 에스프레소샷 블랙 액상스틱커피 15mlx30개입,8804645006029,인천4,2026-10-13,2026-10-06 09:34:36,80,80,0,직매입,N,,20260116,20270709,8127,7388,739,650160,0,N
144061701,일반,발주확정,58681131,"브라질 산토스 오리진 분쇄 커피 원두, 226g, 1개, 핸드드립",8804645007545,인천4,2026-10-13,2026-10-06 09:34:36,8,8,0,직매입,N,,20251013,20271012,7875,7159,716,63000,0,N
144061701,일반,발주확정,36903434,맥널티 아이브루 플러스 헤이즐넛 블랙커피 100개입,8804645006395,인천4,2026-10-13,2026-10-06 09:34:36,280,280,0,직매입,N,,20251013,20271012,8385,7623,762,2347800,0,N
144061701,일반,발주확정,58850533,"하와이안 코나 블렌드 분쇄 커피 원두, 1개, 226g, 핸드드립",8804645007521,인천4,2026-10-13,2026-10-06 09:34:36,24,24,0,직매입,N,,20251013,20271012,8505,7732,773,204120,0,N
144061307,일반,발주확정,73944650,"맥널티 복숭아 아이스티 대용량 파우치, 1개, 2.1L",8804645007965,인천4,2026-10-13,2026-10-06 09:34:35,200,200,0,직매입,N,,20260116,20270709,2654,2413,241,530800,0,N
144061085,일반,발주확정,80855135,"맥널티 브라질 산토스 싱글오리진 커피 원두, 1개, 1kg",8804645008122,인천4,2026-10-13,2026-10-06 09:34:35,42,42,0,직매입,N,,20251013,20271012,19465,17695,1770,817530,0,N
144060903,일반,발주확정,12491225,맥널티 핸드드립 커피필터 30개입,8804645300950,인천4,2026-10-13,2026-10-06 09:34:35,160,160,0,직매입,N,,,,2906,2642,264,464960,0,N
144060588,일반,발주확정,24695532,아이스 아메리카노 블랙 190mL 10팩,8804645005855,인천4,2026-10-13,2026-10-06 09:34:34,273,273,0,직매입,N,,20251013,20271012,3835,3486,349,1046955,0,N
144060343,일반,발주확정,68778941,맥널티 아이브루 헤이즐넛향 블랙커피 12개 1L,18804645007504,인천26,2026-10-13,2026-10-06 09:34:34,80,80,0,직매입,N,,20260414,20270413,13425,12205,1220,1074000,0,N
144037003,일반,발주확정,68778942,아이브루 아메리카노 블랙커피 무라벨 400ML 20개,8804645007491,인천26,2026-10-13,2026-10-06 09:18:21,182,182,0,직매입,N,,20260414,20270413,13425,12205,1220,2443350,0,N
144036594,일반,발주확정,61673272,"맥널티커피 복숭아 아이스티 제로, 1.5L, 1개",8804645006739,창원4,2026-10-13,2026-10-06 09:18:21,624,624,0,직매입,N,,20260116,20270709,1500,1364,136,936000,0,N
144036494,일반,발주확정,56760693,"아이브루 플러스 디카페인 블랙커피 헤이즐넛향 (1g x 80개입), 1개",8804645007453,천안8(RC),2026-10-13,2026-10-06 09:18:21,1200,1200,0,직매입,N,,20251013,20271012,8757,7961,796,10508400,0,N
144036308,일반,발주확정,68778942,아이브루 아메리카노 블랙커피 무라벨 400ML 20개,8804645007491,인천26,2026-10-13,2026-10-06 09:18:21,546,546,0,직매입,N,,20260414,20270413,13425,12205,1220,7330050,0,N
143977508,일반,발주확정,56214467,"맥널티커피 아이브루 카라멜 마끼아또, 12g x 100개입(스틱), 1200g , 1개",8804645007484,인천4,2026-10-13,2026-10-02 16:08:22,8,8,0,직매입,N,,20251013,20271012,13797,12543,1254,110376,0,N
143977050,일반,발주확정,58765770,"디카페인 헤이즐넛향 분쇄 커피 원두, 1개, 226g, 핸드드립",8804645007538,이천2,2026-10-08,2026-10-02 16:08:20,24,24,0,직매입,N,,20251008,20271007,8820,8018,802,211680,0,N
143977050,일반,발주확정,3067428,인스턴트 병커피 헤이즐넛향 50g,9311931105162,이천2,2026-10-08,2026-10-02 16:08:20,600,600,0,직매입,N,,20241220,20271219,3654,3322,332,2192400,0,N
143977050,일반,발주확정,3067426,인스턴트 병커피 아이리쉬크림 50g,9311931901160,이천2,2026-10-08,2026-10-02 16:08:20,40,40,0,직매입,N,,20241220,20271219,3654,3322,332,146160,0,N
143977050,일반,발주확정,3067424,아이브루 케냐AA 블렌드 70개입,8804645000690,이천2,2026-10-08,2026-10-02 16:08:20,16,16,0,직매입,N,,20251008,20271007,6826,6205,621,109216,0,N
143977050,일반,발주확정,10147177,맥널티 홀빈 블루마운틴 1000g,8804645006302,이천2,2026-10-08,2026-10-02 16:08:20,40,40,0,직매입,N,,,20271007,17287,15715,1572,691480,0,N
143977050,일반,발주확정,58681131,"브라질 산토스 오리진 분쇄 커피 원두, 226g, 1개, 핸드드립",8804645007545,이천2,2026-10-08,2026-10-02 16:08:20,8,8,0,직매입,N,,20251008,20271007,7875,7159,716,63000,0,N
143977050,일반,발주확정,69634259,"맥널티커피 스테비아 커피믹스 헤이즐넛향, 9.5g, 100개입, 1개",8804645007811,이천2,2026-10-08,2026-10-02 16:08:20,16,16,0,직매입,N,,20251008,20271007,15687,14261,1426,250992,0,N
143977050,일반,발주확정,68147034,"베니스브루 스페셜티 핸드드립 가향 커피 쇼콜라 모카, 1개, 7개입, 12g",8804645007729,이천2,2026-10-08,2026-10-02 16:08:20,12,12,0,직매입,N,2025,20251008,20271007,5657,5143,514,67884,0,N
143977050,일반,발주확정,10147180,맥널티 행복을 주는 커피 헤이즐넛향 1kg 홀빈,8804645100185,이천2,2026-10-08,2026-10-02 16:08:20,48,48,0,직매입,N,,,20271007,16768,15244,1524,804864,0,N
143977050,일반,발주확정,38710872,"맥널티 홀빈 커피원두, 시그니처 블렌드 1kg, 1개",8804645005312,이천2,2026-10-08,2026-10-02 16:08:20,12,12,0,직매입,N,,20251008,20271007,18000,16364,1636,216000,0,N
143977050,일반,발주확정,75765043,"맥널티 아이스아메리카노 스위트, 1개, 1L",8804645005923,이천2,2026-10-08,2026-10-02 16:08:20,6,6,0,직매입,N,,20251008,20271007,1885,1714,171,11310,0,N
143977050,일반,발주확정,38710870,"맥널티 홀빈 커피원두, 콜롬비아 안데스 오리진 1kg, 1개",8804645005343,이천2,2026-10-08,2026-10-02 16:08:20,12,12,0,직매입,N,,20251008,20271007,18000,16364,1636,216000,0,N
143977050,일반,발주확정,56214467,"맥널티커피 아이브루 카라멜 마끼아또, 12g x 100개입(스틱), 1200g , 1개",8804645007484,이천2,2026-10-08,2026-10-02 16:08:20,80,80,0,직매입,N,,20251008,20271007,13797,12543,1254,1103760,0,N
143977050,일반,발주확정,67975031,"호랭이 커피 오곡향 블랙, 1개, 20개입, 1g",8804645007781,이천2,2026-10-08,2026-10-02 16:08:20,40,40,0,직매입,N,,20251008,20271007,3087,2806,281,123480,0,N
143977050,일반,발주확정,56214466,"맥널티커피 아이브루 바닐라 라떼,12g x 100개입(스틱), 1200g , 1개",8804645007460,이천2,2026-10-08,2026-10-02 16:08:20,40,40,0,직매입,N,,20251008,20271007,13797,12543,1254,551880,0,N
143977050,일반,발주확정,62672352,맥널티 아이브루 플러스 스위트 블랙 원두커피믹스 80개입 2.8g,8804645007620,이천2,2026-10-08,2026-10-02 16:08:20,10,10,0,직매입,N,,20251008,20271007,8757,7961,796,87570,0,N
143977050,일반,발주확정,64859139,맥널티 스테비아 솔티드 카라멜 커피믹스 10g 1개 30개입,8804645007668,이천2,2026-10-08,2026-10-02 16:08:20,36,36,0,직매입,N,,20251008,20271007,6237,5670,567,224532,0,N
143977050,일반,발주확정,23400108,맥널티 디카페인100% 핸드드립 원두커피 24개입,8804645005732,이천2,2026-10-08,2026-10-02 16:08:20,48,48,0,직매입,N,,20251008,20271007,10335,9395,940,496080,0,N
143934804,일반,발주확정,37713094,"맥널티 핸드드립커피 케냐AA(더블에이) 36개입, 8g, 1개",8804645006616,인천4,2026-10-13,2026-10-02 12:19:17,12,12,0,직매입,N,,20251013,20271012,12935,11759,1176,155220,0,N
143934787,일반,발주확정,37713094,"맥널티 핸드드립커피 케냐AA(더블에이) 36개입, 8g, 1개",8804645006616,인천4,2026-10-13,2026-10-02 12:19:17,12,12,0,직매입,N,,20251013,20271012,12935,11759,1176,155220,0,N
143934776,일반,발주확정,37713094,"맥널티 핸드드립커피 케냐AA(더블에이) 36개입, 8g, 1개",8804645006616,인천4,2026-10-13,2026-10-02 12:19:17,24,24,0,직매입,N,,20251013,20271012,12935,11759,1176,310440,0,N
143934739,일반,발주확정,37713094,"맥널티 핸드드립커피 케냐AA(더블에이) 36개입, 8g, 1개",8804645006616,인천4,2026-10-13,2026-10-02 12:19:17,12,12,0,직매입,N,,20251013,20271012,12935,11759,1176,155220,0,N
143934739,일반,발주확정,69634259,"맥널티커피 스테비아 커피믹스 헤이즐넛향, 9.5g, 100개입, 1개",8804645007811,인천4,2026-10-13,2026-10-02 12:19:17,40,40,0,직매입,N,,20251013,20271012,15687,14261,1426,627480,0,N
143934657,일반,발주확정,58765770,"디카페인 헤이즐넛향 분쇄 커피 원두, 1개, 226g, 핸드드립",8804645007538,인천4,2026-10-13,2026-10-02 12:19:16,8,8,0,직매입,N,,20251013,20271012,8820,8018,802,70560,0,N
143934655,일반,발주확정,58765770,"디카페인 헤이즐넛향 분쇄 커피 원두, 1개, 226g, 핸드드립",8804645007538,인천4,2026-10-13,2026-10-02 12:19:16,8,8,0,직매입,N,,20251013,20271012,8820,8018,802,70560,0,N
143934654,일반,발주확정,58765770,"디카페인 헤이즐넛향 분쇄 커피 원두, 1개, 226g, 핸드드립",8804645007538,인천4,2026-10-13,2026-10-02 12:19:16,8,8,0,직매입,N,,20251013,20271012,8820,8018,802,70560,0,N
143932435,일반,발주확정,36829225,"맥널티 제로칼로리 청포도 아이스티 500mlx24입,",18804645006538,인천26,2026-10-08,2026-10-02 12:19:11,10,10,0,직매입,N,,20260107,20270708,13425,12205,1220,134250,0,N
143932415,일반,발주확정,10003517,콜롬비아 핸드드립 블렌드 24개입,8804645000713,대구3,2026-10-08,2026-10-02 12:19:11,60,60,0,직매입,N,,,20271007,9387,8534,853,563220,0,N
143932415,일반,발주확정,63447822,스테비아 커피믹스 헤이즐넛향 9.5g 30개입 1개,8804645007637,대구3,2026-10-08,2026-10-02 12:19:11,12,12,0,직매입,N,,20251008,20271007,5310,4827,483,63720,0,N
143932415,일반,발주확정,29461862,맥널티 아메리카노 아이스 블랙 100개입,8804645006081,대구3,2026-10-08,2026-10-02 12:19:11,120,120,0,직매입,N,,20251008,20271007,6435,5850,585,772200,0,N
143932415,일반,발주확정,58765769,"게이샤 블렌드 분쇄 커피 원두, 1개, 226g, 핸드드립",8804645007514,대구3,2026-10-08,2026-10-02 12:19:11,24,24,0,직매입,N,,20251008,20271007,8505,7732,773,204120,0,N
143932415,일반,발주확정,58765770,"디카페인 헤이즐넛향 분쇄 커피 원두, 1개, 226g, 핸드드립",8804645007538,대구3,2026-10-08,2026-10-02 12:19:11,24,24,0,직매입,N,,20251008,20271007,8820,8018,802,211680,0,N
143932415,일반,발주확정,24695530,아이스 헤이즐넛향 커피 190mL 10팩,8804645005879,대구3,2026-10-08,2026-10-02 12:19:11,273,273,0,직매입,N,,20251008,20271007,3835,3486,349,1046955,0,N
143932415,일반,발주확정,71115721,"호랭이 커피믹스 고소한 오곡향, 1개, 160개입, 9.5g",8804645007880,대구3,2026-10-08,2026-10-02 12:19:11,36,36,0,직매입,N,,20251008,20271007,15687,14261,1426,564732,0,N
143932415,일반,발주확정,58681130,콜롬비아 안데스 오리진 분쇄 커피 원두 1개 226g 핸드드립,8804645007552,대구3,2026-10-08,2026-10-02 12:19:11,16,16,0,직매입,N,,20251008,20271007,7875,7159,716,126000,0,N
143932415,일반,발주확정,61673272,"맥널티커피 복숭아 아이스티 제로, 1.5L, 1개",8804645006739,대구3,2026-10-08,2026-10-02 12:19:11,60,60,0,직매입,N,,20260111,20270704,1500,1364,136,90000,0,N
143932415,일반,발주확정,38710872,"맥널티 홀빈 커피원두, 시그니처 블렌드 1kg, 1개",8804645005312,대구3,2026-10-08,2026-10-02 12:19:11,12,12,0,직매입,N,,20251008,20271007,18000,16364,1636,216000,0,N
143932415,일반,발주확정,71115722,"호랭이 커피믹스 고소한 오곡향, 1개, 20개입, 9.5g",8804645007897,대구3,2026-10-08,2026-10-02 12:19:11,24,24,0,직매입,N,,20251008,20271007,3087,2806,281,74088,0,N
143932415,일반,발주확정,38710870,"맥널티 홀빈 커피원두, 콜롬비아 안데스 오리진 1kg, 1개",8804645005343,대구3,2026-10-08,2026-10-02 12:19:11,12,12,0,직매입,N,,20251008,20271007,18000,16364,1636,216000,0,N
143932415,일반,발주확정,36903434,맥널티 아이브루 플러스 헤이즐넛 블랙커피 100개입,8804645006395,대구3,2026-10-08,2026-10-02 12:19:11,280,280,0,직매입,N,,20251008,20271007,8385,7623,762,2347800,0,N
143932415,일반,발주확정,39616646,"맥널티 게이샤 블렌드 커피 원두, 홀빈(분쇄안함), 500g, 1개",8804645006708,대구3,2026-10-08,2026-10-02 12:19:11,16,16,0,직매입,N,,20251008,20271007,12540,11400,1140,200640,0,N
143932415,일반,발주확정,67975031,"호랭이 커피 오곡향 블랙, 1개, 20개입, 1g",8804645007781,대구3,2026-10-08,2026-10-02 12:19:11,40,40,0,직매입,N,,20251008,20271007,3087,2806,281,123480,0,N
143932415,일반,발주확정,39616647,"맥널티 하와이안 코나 블렌드 커피 원두, 홀빈(분쇄안함), 500g, 1개",8804645006685,대구3,2026-10-08,2026-10-02 12:19:11,16,16,0,직매입,N,,20251008,20271007,12540,11400,1140,200640,0,N
143932415,일반,발주확정,38710869,"맥널티 홀빈 커피원두, 마일드 미디움 블렌드 1kg, 1개",8804645005329,대구3,2026-10-08,2026-10-02 12:19:11,6,6,0,직매입,N,,20251008,20271007,18000,16364,1636,108000,0,N
143932415,일반,발주확정,13277718,맥널티 행복을 주는 커피 브라질 산토스 1kg,8804645003936,대구3,2026-10-08,2026-10-02 12:19:11,80,80,0,직매입,N,,,20271007,15500,14091,1409,1240000,0,N
143932415,일반,발주확정,48074657,"맥널티 브라질 세라도 분쇄 원두 커피, 1개, 500g",8804645007262,대구3,2026-10-08,2026-10-02 12:19:11,48,48,0,직매입,N,,20251008,20271007,10335,9395,940,496080,0,N
143932415,일반,발주확정,13277719,맥널티 행복을 주는 커피 콜롬비아 블렌드 1kg,8804645003929,대구3,2026-10-08,2026-10-02 12:19:11,50,50,0,직매입,N,,,20271007,17159,15599,1560,857950,0,N
143932415,일반,발주확정,48074659,"맥널티 에티오피아 예가체프 분쇄 원두 커피, 1개, 500g",8804645007231,대구3,2026-10-08,2026-10-02 12:19:11,48,48,0,직매입,N,,20251008,20271007,10985,9986,999,527280,0,N
143932415,일반,발주확정,77572705,"맥널티 아이스 아메리카노 헤이즐넛, 1개, 2.1L",8804645008030,대구3,2026-10-08,2026-10-02 12:19:11,80,80,0,직매입,N,,20251008,20271007,2654,2413,241,212320,0,N
143932415,일반,발주확정,64859139,맥널티 스테비아 솔티드 카라멜 커피믹스 10g 1개 30개입,8804645007668,대구3,2026-10-08,2026-10-02 12:19:11,12,12,0,직매입,N,,20251008,20271007,6237,5670,567,74844,0,N
143932415,일반,발주확정,73944650,"맥널티 복숭아 아이스티 대용량 파우치, 1개, 2.1L",8804645007965,대구3,2026-10-08,2026-10-02 12:19:11,68,68,0,직매입,N,,20260111,20270704,2654,2413,241,180472,0,N
143932346,일반,발주확정,48466205,"맥널티 대용량 제로슈가 스테비아 믹스커피 음료, 12개, 1L",18804645007290,안산2,2026-10-08,2026-10-02 12:19:11,160,160,0,직매입,N,,20260409,20270408,18774,17067,1707,3003840,0,N
143932321,일반,발주확정,68778942,아이브루 아메리카노 블랙커피 무라벨 400ML 20개,8804645007491,인천26,2026-10-08,2026-10-02 12:19:11,182,182,0,직매입,N,,20260409,20270408,13425,12205,1220,2443350,0,N
143932257,일반,발주확정,68778941,맥널티 아이브루 헤이즐넛향 블랙커피 12개 1L,18804645007504,전라광주5,2026-10-08,2026-10-02 12:19:11,80,80,0,직매입,N,,20260409,20270408,13425,12205,1220,1074000,0,N
143932231,일반,발주확정,75765043,"맥널티 아이스아메리카노 스위트, 1개, 1L",8804645005923,대구2,2026-10-08,2026-10-02 12:19:11,6,6,0,직매입,N,,20260821,20280819,1885,1714,171,11310,0,N
143932072,일반,발주확정,25484251,맥널티커피 아메리카노 스위트 1Lx6입,18804645005920,안성8,2026-10-08,2026-10-02 12:19:11,96,96,0,직매입,N,,20251008,20271007,11277,10252,1025,1082592,0,N
143931982,일반,발주확정,77572705,"맥널티 아이스 아메리카노 헤이즐넛, 1개, 2.1L",8804645008030,XRC08(RC),2026-10-08,2026-10-02 12:19:11,312,312,0,직매입,N,,20251008,20271007,2654,2413,241,828048,0,N
143931891,일반,발주확정,68778940,맥널티 아이브루 아메리카노 블랙커피 12개 1L,18804645007306,대구,2026-10-08,2026-10-02 12:19:11,480,480,0,직매입,N,,20260409,20270408,13425,12205,1220,6444000,0,N
143931891,일반,발주확정,68778942,아이브루 아메리카노 블랙커피 무라벨 400ML 20개,8804645007491,대구,2026-10-08,2026-10-02 12:19:11,728,728,0,직매입,N,,20260409,20270408,13425,12205,1220,9773400,0,N
143931891,일반,발주확정,76540319,"맥널티 호랭이 마일드 라떼 캔커피, 30개, 175ml",18804645008013,대구,2026-10-08,2026-10-02 12:19:11,286,286,0,직매입,N,,20251008,20271007,9375,8523,852,2681250,0,N
143909413,일반,발주확정,26477375,맥널티 리얼 에스프레소샷 헤이즐넛향 액상스틱커피 15mlx30개입,8804645006036,대구3,2026-10-08,2026-10-02 09:35:27,80,80,0,직매입,N,,20260111,20270704,8127,7388,739,650160,0,N
143896559,일반,발주확정,80855137,"맥널티 에티오피아 예가체프 G2 원두 1kg, 1개, 홀빈(분쇄안함)",8804645006449,경기광주3,2026-10-08,2026-10-02 08:57:41,6,6,0,직매입,N,,20260922,20280920,24565,22332,2233,147390,0,N
143849388,일반,발주확정,52625820,맥널티 인스턴트 원두 병커피 에스프레소 블랙 50g 1개,9311931902167,안산3,2026-10-06,2026-10-01 12:22:09,50,50,0,직매입,N,,20260417,20290331,3835,3486,349,191750,0,N
143849299,일반,발주확정,73944650,"맥널티 복숭아 아이스티 대용량 파우치, 1개, 2.1L",8804645007965,창원1,2026-10-06,2026-10-01 12:22:09,56,56,35,직매입,N,,20260821,20280211,2654,2413,241,148624,92890,N
143849131,일반,발주확정,58850533,"하와이안 코나 블렌드 분쇄 커피 원두, 1개, 226g, 핸드드립",8804645007521,대구3,2026-10-06,2026-10-01 12:22:09,24,24,24,직매입,N,,20250917,20270916,8505,7732,773,204120,204120,N
143849131,일반,발주확정,10003517,콜롬비아 핸드드립 블렌드 24개입,8804645000713,대구3,2026-10-06,2026-10-01 12:22:09,60,60,60,직매입,N,,,20280704,9387,8534,853,563220,563220,N
143849131,일반,발주확정,23400108,맥널티 디카페인100% 핸드드립 원두커피 24개입,8804645005732,대구3,2026-10-06,2026-10-01 12:22:09,24,24,24,직매입,N,,20260821,20280819,10335,9395,940,248040,248040,N
143849131,일반,발주확정,46730880,"산양유 단백질 프로틴 스테비아 커피믹스, 1개, 30개입, 300g",8804645007194,대구3,2026-10-06,2026-10-01 12:22:09,48,48,0,직매입,N,,20251006,20271005,6867,6243,624,329616,0,N
143849131,일반,발주확정,3067426,인스턴트 병커피 아이리쉬크림 50g,9311931901160,대구3,2026-10-06,2026-10-01 12:22:09,30,30,30,직매입,N,,20260502,20290430,3654,3322,332,109620,109620,N
143849131,일반,발주확정,62882483,"티브루 보리차 진액, 1개, 400g",8804645007651,대구3,2026-10-06,2026-10-01 12:22:09,50,50,50,직매입,N,,20260602,20280531,8385,7623,762,419250,419250,N
143849131,일반,발주확정,46534985,"아이브루 플러스 디카페인 아메리카노 블랙커피, 1개, 80개입, 80g",8804645007118,대구3,2026-10-06,2026-10-01 12:22:09,80,80,80,직매입,N,,20260813,20280811,8760,7964,796,700800,700800,N
143849131,일반,발주확정,3067425,아이브루 예가체프 블렌드 70개입,8804645000683,대구3,2026-10-06,2026-10-01 12:22:09,16,16,16,직매입,N,,20260812,20280810,6826,6205,621,109216,109216,N
143849131,일반,발주확정,13777565,맥널티 아이브루 모카블랙 70T,8804645003912,대구3,2026-10-06,2026-10-01 12:22:09,16,16,16,직매입,N,,20260509,20280507,7171,6519,652,114736,114736,N
143849131,일반,발주확정,58338696,"티브루 헛개수 원액 간편 액상스틱 진액, 30개, 10ml",8804645007613,대구3,2026-10-06,2026-10-01 12:22:09,96,96,96,직매입,N,,20260413,20280411,5785,5259,526,555360,555360,N
143849131,일반,발주확정,10147177,맥널티 홀빈 블루마운틴 1000g,8804645006302,대구3,2026-10-06,2026-10-01 12:22:09,80,80,80,직매입,N,,,20280914,17287,15715,1572,1382960,1382960,N
143849131,일반,발주확정,58681131,"브라질 산토스 오리진 분쇄 커피 원두, 226g, 1개, 핸드드립",8804645007545,대구3,2026-10-06,2026-10-01 12:22:09,24,24,24,직매입,N,,20251030,20271029,7875,7159,716,189000,189000,N
143849131,일반,발주확정,69634259,"맥널티커피 스테비아 커피믹스 헤이즐넛향, 9.5g, 100개입, 1개",8804645007811,대구3,2026-10-06,2026-10-01 12:22:09,24,24,24,직매입,N,,20260922,20280920,15687,14261,1426,376488,376488,N
143849131,일반,발주확정,68147034,"베니스브루 스페셜티 핸드드립 가향 커피 쇼콜라 모카, 1개, 7개입, 12g",8804645007729,대구3,2026-10-06,2026-10-01 12:22:09,6,6,6,직매입,N,2025,20260907,20280905,5657,5143,514,33942,33942,N
143849131,일반,발주확정,58681130,콜롬비아 안데스 오리진 분쇄 커피 원두 1개 226g 핸드드립,8804645007552,대구3,2026-10-06,2026-10-01 12:22:09,8,8,8,직매입,N,,20250824,20270823,7875,7159,716,63000,63000,N
143849131,일반,발주확정,10147180,맥널티 행복을 주는 커피 헤이즐넛향 1kg 홀빈,8804645100185,대구3,2026-10-06,2026-10-01 12:22:09,48,48,48,직매입,N,,,20280822,16768,15244,1524,804864,804864,N
143849131,일반,발주확정,71115722,"호랭이 커피믹스 고소한 오곡향, 1개, 20개입, 9.5g",8804645007897,대구3,2026-10-06,2026-10-01 12:22:09,24,24,24,직매입,N,,20260821,20280819,3087,2806,281,74088,74088,N
143849131,일반,발주확정,56214467,"맥널티커피 아이브루 카라멜 마끼아또, 12g x 100개입(스틱), 1200g , 1개",8804645007484,대구3,2026-10-06,2026-10-01 12:22:09,32,32,32,직매입,N,,20260612,20280610,13797,12543,1254,441504,441504,N
143849131,일반,발주확정,67975031,"호랭이 커피 오곡향 블랙, 1개, 20개입, 1g",8804645007781,대구3,2026-10-06,2026-10-01 12:22:09,40,40,40,직매입,N,,20260914,20280912,3087,2806,281,123480,123480,N
143849131,일반,발주확정,56214466,"맥널티커피 아이브루 바닐라 라떼,12g x 100개입(스틱), 1200g , 1개",8804645007460,대구3,2026-10-06,2026-10-01 12:22:09,16,16,16,직매입,N,,20260612,20280610,13797,12543,1254,220752,220752,N
143849131,일반,발주확정,64859139,맥널티 스테비아 솔티드 카라멜 커피믹스 10g 1개 30개입,8804645007668,대구3,2026-10-06,2026-10-01 12:22:09,12,12,12,직매입,N,,20260706,20280704,6237,5670,567,74844,74844,N
143849131,일반,발주확정,52625820,맥널티 인스턴트 원두 병커피 에스프레소 블랙 50g 1개,9311931902167,대구3,2026-10-06,2026-10-01 12:22:09,60,60,60,직매입,N,,20260417,20290331,3835,3486,349,230100,230100,N
143849131,일반,발주확정,73944650,"맥널티 복숭아 아이스티 대용량 파우치, 1개, 2.1L",8804645007965,대구3,2026-10-06,2026-10-01 12:22:09,60,60,60,직매입,N,,20260821,20280211,2654,2413,241,159240,159240,N
143848942,일반,거래명세서확인요청,24752132,청포도 에이드 190mL 10팩,8804645005893,곤지암2(RC),2026-10-06,2026-10-01 12:22:08,273,273,273,직매입,N,,20260813,20280811,3835,3486,349,1046955,1046955,N
143848888,일반,발주확정,75850021,"맥널티 허니자몽 블랙티, 1L, 1개",8804645005954,전라광주4,2026-10-06,2026-10-01 12:22:08,12,12,0,일반매입,N,,20260827,20280217,1885,1714,171,22620,0,N
143844012,일반,발주확정,46730880,"산양유 단백질 프로틴 스테비아 커피믹스, 1개, 30개입, 300g",8804645007194,인천14,2026-10-13,2026-10-01 12:22:00,48,48,0,직매입,N,,20251013,20271012,6867,6243,624,329616,0,N
143844005,일반,발주확정,10147177,맥널티 홀빈 블루마운틴 1000g,8804645006302,인천14,2026-10-13,2026-10-01 12:22:00,40,40,0,직매입,N,,,20271012,17287,15715,1572,691480,0,N
143843942,일반,발주확정,10147177,맥널티 홀빈 블루마운틴 1000g,8804645006302,인천14,2026-10-13,2026-10-01 12:22:00,40,40,0,직매입,N,,,20271012,17287,15715,1572,691480,0,N
143843799,일반,발주확정,10147177,맥널티 홀빈 블루마운틴 1000g,8804645006302,인천14,2026-10-13,2026-10-01 12:22:00,160,160,0,직매입,N,,,20271012,17287,15715,1572,2765920,0,N
143843770,일반,발주확정,10147177,맥널티 홀빈 블루마운틴 1000g,8804645006302,인천14,2026-10-13,2026-10-01 12:22:00,40,40,0,직매입,N,,,20271012,17287,15715,1572,691480,0,N
143842202,일반,발주확정,56214467,"맥널티커피 아이브루 카라멜 마끼아또, 12g x 100개입(스틱), 1200g , 1개",8804645007484,인천14,2026-10-13,2026-10-01 12:21:54,8,8,0,직매입,N,,20251013,20271012,13797,12543,1254,110376,0,N
143842144,일반,발주확정,56214467,"맥널티커피 아이브루 카라멜 마끼아또, 12g x 100개입(스틱), 1200g , 1개",8804645007484,인천14,2026-10-13,2026-10-01 12:21:54,16,16,0,직매입,N,,20251013,20271012,13797,12543,1254,220752,0,N
143842144,일반,발주확정,56214466,"맥널티커피 아이브루 바닐라 라떼,12g x 100개입(스틱), 1200g , 1개",8804645007460,인천14,2026-10-13,2026-10-01 12:21:54,8,8,0,직매입,N,,20251013,20271012,13797,12543,1254,110376,0,N
143842144,일반,발주확정,10147180,맥널티 행복을 주는 커피 헤이즐넛향 1kg 홀빈,8804645100185,인천14,2026-10-13,2026-10-01 12:21:54,48,48,0,직매입,N,,,20271012,16768,15244,1524,804864,0,N
143842139,일반,발주확정,56214466,"맥널티커피 아이브루 바닐라 라떼,12g x 100개입(스틱), 1200g , 1개",8804645007460,인천14,2026-10-13,2026-10-01 12:21:54,8,8,0,직매입,N,,20251013,20271012,13797,12543,1254,110376,0,N
143842139,일반,발주확정,56214467,"맥널티커피 아이브루 카라멜 마끼아또, 12g x 100개입(스틱), 1200g , 1개",8804645007484,인천14,2026-10-13,2026-10-01 12:21:54,8,8,0,직매입,N,,20251013,20271012,13797,12543,1254,110376,0,N
143808281,긴급,거래명세서확인요청,80552848,"맥널티 천연펄프 무표백 핸드드립 커피필터 여과지(5~7인용), 1개, 100개입",8804645000027,MINC34,2026-10-02,2026-10-01 09:13:23,7,7,7,직매입,N,,,,3150,2864,286,22050,22050,N
143803418,일반,발주확정,56760693,"아이브루 플러스 디카페인 블랙커피 헤이즐넛향 (1g x 80개입), 1개",8804645007453,인천28,2026-10-08,2026-10-01 08:50:26,80,80,0,직매입,N,,20251008,20271007,8757,7961,796,700560,0,N
143803388,일반,발주확정,76540319,"맥널티 호랭이 마일드 라떼 캔커피, 30개, 175ml",18804645008013,안성8,2026-10-08,2026-10-01 08:50:26,143,143,0,직매입,N,,20251008,20271007,9375,8523,852,1340625,0,N
143803354,일반,발주확정,71115722,"호랭이 커피믹스 고소한 오곡향, 1개, 20개입, 9.5g",8804645007897,인천28,2026-10-08,2026-10-01 08:50:26,24,24,0,직매입,N,,20251008,20271007,3087,2806,281,74088,0,N
143803354,일반,발주확정,58765770,"디카페인 헤이즐넛향 분쇄 커피 원두, 1개, 226g, 핸드드립",8804645007538,인천28,2026-10-08,2026-10-01 08:50:26,8,8,0,직매입,N,,20251008,20271007,8820,8018,802,70560,0,N
143803354,일반,발주확정,64859139,맥널티 스테비아 솔티드 카라멜 커피믹스 10g 1개 30개입,8804645007668,인천28,2026-10-08,2026-10-01 08:50:26,12,12,0,직매입,N,,20251008,20271007,6237,5670,567,74844,0,N
143803354,일반,발주확정,10147177,맥널티 홀빈 블루마운틴 1000g,8804645006302,인천28,2026-10-08,2026-10-01 08:50:26,40,40,0,직매입,N,,,20271007,17287,15715,1572,691480,0,N
143803328,일반,발주확정,80661387,"베트남 로부스타 G1 싱글오리진 커피 원두, 1개, 1kg",8804645006869,인천28,2026-10-08,2026-10-01 08:50:26,72,72,0,직매입,N,,20251008,20271007,11815,10741,1074,850680,0,N
143803296,일반,발주확정,56760693,"아이브루 플러스 디카페인 블랙커피 헤이즐넛향 (1g x 80개입), 1개",8804645007453,인천28,2026-10-08,2026-10-01 08:50:26,80,80,0,직매입,N,,20251008,20271007,8757,7961,796,700560,0,N
143803239,일반,발주확정,54922706,"맥널티 대용량 제로슈가 스테비아 믹스커피 음료, 1L, 6개",8804645007323,안성5,2026-10-08,2026-10-01 08:50:26,160,160,0,직매입,N,,20260409,20270408,9685,8805,880,1549600,0,N
143803184,일반,발주확정,80661387,"베트남 로부스타 G1 싱글오리진 커피 원두, 1개, 1kg",8804645006869,인천28,2026-10-08,2026-10-01 08:50:26,18,18,0,직매입,N,,20251008,20271007,11815,10741,1074,212670,0,N
143803151,일반,발주확정,80661387,"베트남 로부스타 G1 싱글오리진 커피 원두, 1개, 1kg",8804645006869,인천28,2026-10-08,2026-10-01 08:50:26,18,18,0,직매입,N,,20251008,20271007,11815,10741,1074,212670,0,N
143803123,일반,발주확정,58338694,"티브루 보리차 원액 간편 액상스틱 진액, 30개, 10ml",8804645007590,인천28,2026-10-08,2026-10-01 08:50:26,640,640,0,직매입,N,,20251008,20271007,5785,5259,526,3702400,0,N
143803123,일반,발주확정,63447822,스테비아 커피믹스 헤이즐넛향 9.5g 30개입 1개,8804645007637,인천28,2026-10-08,2026-10-01 08:50:26,36,36,0,직매입,N,,20251008,20271007,5310,4827,483,191160,0,N
143803091,일반,발주확정,10147180,맥널티 행복을 주는 커피 헤이즐넛향 1kg 홀빈,8804645100185,인천28,2026-10-08,2026-10-01 08:50:26,48,48,0,직매입,N,,,20271007,16768,15244,1524,804864,0,N
143803059,일반,발주확정,69634259,"맥널티커피 스테비아 커피믹스 헤이즐넛향, 9.5g, 100개입, 1개",8804645007811,인천28,2026-10-08,2026-10-01 08:50:26,16,16,0,직매입,N,,20251008,20271007,15687,14261,1426,250992,0,N
143803059,일반,발주확정,36903434,맥널티 아이브루 플러스 헤이즐넛 블랙커피 100개입,8804645006395,인천28,2026-10-08,2026-10-01 08:50:26,280,280,0,직매입,N,,20251008,20271007,8385,7623,762,2347800,0,N
143803059,일반,발주확정,56214467,"맥널티커피 아이브루 카라멜 마끼아또, 12g x 100개입(스틱), 1200g , 1개",8804645007484,인천28,2026-10-08,2026-10-01 08:50:26,24,24,0,직매입,N,,20251008,20271007,13797,12543,1254,331128,0,N
143803059,일반,발주확정,56214466,"맥널티커피 아이브루 바닐라 라떼,12g x 100개입(스틱), 1200g , 1개",8804645007460,인천28,2026-10-08,2026-10-01 08:50:26,8,8,0,직매입,N,,20251008,20271007,13797,12543,1254,110376,0,N
143803059,일반,발주확정,62882483,"티브루 보리차 진액, 1개, 400g",8804645007651,인천28,2026-10-08,2026-10-01 08:50:26,30,30,0,직매입,N,,20251008,20271007,8385,7623,762,251550,0,N
143803059,일반,발주확정,73944650,"맥널티 복숭아 아이스티 대용량 파우치, 1개, 2.1L",8804645007965,인천28,2026-10-08,2026-10-01 08:50:26,228,228,0,직매입,N,,20260111,20270704,2654,2413,241,605112,0,N
143803032,일반,발주확정,38710870,"맥널티 홀빈 커피원두, 콜롬비아 안데스 오리진 1kg, 1개",8804645005343,인천28,2026-10-08,2026-10-01 08:50:26,6,6,0,직매입,N,,20251008,20271007,18000,16364,1636,108000,0,N
143803032,일반,발주확정,56760693,"아이브루 플러스 디카페인 블랙커피 헤이즐넛향 (1g x 80개입), 1개",8804645007453,인천28,2026-10-08,2026-10-01 08:50:26,80,80,0,직매입,N,,20251008,20271007,8757,7961,796,700560,0,N
143803008,일반,발주확정,54922706,"맥널티 대용량 제로슈가 스테비아 믹스커피 음료, 1L, 6개",8804645007323,안성5,2026-10-08,2026-10-01 08:50:26,160,160,0,직매입,N,,20260409,20270408,9685,8805,880,1549600,0,N
143802980,일반,발주확정,80552848,"맥널티 천연펄프 무표백 핸드드립 커피필터 여과지(5~7인용), 1개, 100개입",8804645000027,인천28,2026-10-08,2026-10-01 08:50:25,14,14,0,직매입,N,,,,3150,2864,286,44100,0,N
143802950,일반,발주확정,25484255,맥널티 아이스 아메리카노 블랙커피 대용량 파우치 1Lx6입,18804645005913,안성8,2026-10-08,2026-10-01 08:50:25,60,60,0,직매입,N,,20251008,20271007,11277,10252,1025,676620,0,N
143802950,일반,발주확정,38262417,"복숭아 아이스티 제로, 6개, 1L",18804645006873,안성8,2026-10-08,2026-10-01 08:50:25,60,60,0,직매입,N,,20251008,20271007,11635,10577,1058,698100,0,N
143802916,일반,발주확정,56214466,"맥널티커피 아이브루 바닐라 라떼,12g x 100개입(스틱), 1200g , 1개",8804645007460,인천28,2026-10-08,2026-10-01 08:50:25,8,8,0,직매입,N,,20251008,20271007,13797,12543,1254,110376,0,N
143802916,일반,발주확정,62882483,"티브루 보리차 진액, 1개, 400g",8804645007651,인천28,2026-10-08,2026-10-01 08:50:25,20,20,0,직매입,N,,20251008,20271007,8385,7623,762,167700,0,N
143802916,일반,발주확정,58338695,"티브루 옥수수수염차 원액 간편 액상스틱 진액, 30개, 10ml",8804645007606,인천28,2026-10-08,2026-10-01 08:50:25,64,64,0,직매입,N,,20251008,20271007,5785,5259,526,370240,0,N
143802916,일반,발주확정,56214467,"맥널티커피 아이브루 카라멜 마끼아또, 12g x 100개입(스틱), 1200g , 1개",8804645007484,인천28,2026-10-08,2026-10-01 08:50:25,8,8,0,직매입,N,,20251008,20271007,13797,12543,1254,110376,0,N
143802884,일반,발주확정,63447822,스테비아 커피믹스 헤이즐넛향 9.5g 30개입 1개,8804645007637,인천28,2026-10-08,2026-10-01 08:50:25,36,36,0,직매입,N,,20251008,20271007,5310,4827,483,191160,0,N
143802884,일반,발주확정,62672352,맥널티 아이브루 플러스 스위트 블랙 원두커피믹스 80개입 2.8g,8804645007620,인천28,2026-10-08,2026-10-01 08:50:25,10,10,0,직매입,N,,20251008,20271007,8757,7961,796,87570,0,N
143802884,일반,발주확정,58338695,"티브루 옥수수수염차 원액 간편 액상스틱 진액, 30개, 10ml",8804645007606,인천28,2026-10-08,2026-10-01 08:50:25,64,64,0,직매입,N,,20251008,20271007,5785,5259,526,370240,0,N
143802884,일반,발주확정,13777565,맥널티 아이브루 모카블랙 70T,8804645003912,인천28,2026-10-08,2026-10-01 08:50:25,16,16,0,직매입,N,,20251008,20271007,7171,6519,652,114736,0,N
143802884,일반,발주확정,68147034,"베니스브루 스페셜티 핸드드립 가향 커피 쇼콜라 모카, 1개, 7개입, 12g",8804645007729,인천28,2026-10-08,2026-10-01 08:50:25,6,6,0,직매입,N,2025,20251008,20271007,5657,5143,514,33942,0,N
143802831,일반,발주확정,58850533,"하와이안 코나 블렌드 분쇄 커피 원두, 1개, 226g, 핸드드립",8804645007521,인천28,2026-10-08,2026-10-01 08:50:25,8,8,0,직매입,N,,20251008,20271007,8505,7732,773,68040,0,N
143802831,일반,발주확정,47303765,"산양유 단백질 프로틴 스테비아 커피믹스, 1개, 100개입, 1000g",8804645007187,인천28,2026-10-08,2026-10-01 08:50:25,64,64,0,직매입,N,,20251008,20271007,21987,19988,1999,1407168,0,N
143802831,일반,발주확정,10003517,콜롬비아 핸드드립 블렌드 24개입,8804645000713,인천28,2026-10-08,2026-10-01 08:50:25,60,60,0,직매입,N,,,20271007,9387,8534,853,563220,0,N
143802831,일반,발주확정,58765769,"게이샤 블렌드 분쇄 커피 원두, 1개, 226g, 핸드드립",8804645007514,인천28,2026-10-08,2026-10-01 08:50:25,8,8,0,직매입,N,,20251008,20271007,8505,7732,773,68040,0,N
143802831,일반,발주확정,23400108,맥널티 디카페인100% 핸드드립 원두커피 24개입,8804645005732,인천28,2026-10-08,2026-10-01 08:50:25,24,24,0,직매입,N,,20251008,20271007,10335,9395,940,248040,0,N
143802831,일반,발주확정,46730880,"산양유 단백질 프로틴 스테비아 커피믹스, 1개, 30개입, 300g",8804645007194,인천28,2026-10-08,2026-10-01 08:50:25,48,48,0,직매입,N,,20251008,20271007,6867,6243,624,329616,0,N
143802831,일반,발주확정,58765770,"디카페인 헤이즐넛향 분쇄 커피 원두, 1개, 226g, 핸드드립",8804645007538,인천28,2026-10-08,2026-10-01 08:50:25,16,16,0,직매입,N,,20251008,20271007,8820,8018,802,141120,0,N
143802831,일반,발주확정,3067425,아이브루 예가체프 블렌드 70개입,8804645000683,인천28,2026-10-08,2026-10-01 08:50:25,16,16,0,직매입,N,,20251008,20271007,6826,6205,621,109216,0,N
143802831,일반,발주확정,10147177,맥널티 홀빈 블루마운틴 1000g,8804645006302,인천28,2026-10-08,2026-10-01 08:50:25,40,40,0,직매입,N,,,20271007,17287,15715,1572,691480,0,N
143802831,일반,발주확정,25240402,맥널티 스테비아 커피믹스 30개입,8804645006074,인천28,2026-10-08,2026-10-01 08:50:25,144,144,0,직매입,N,,20251008,20271007,5310,4827,483,764640,0,N
143802831,일반,발주확정,58681130,콜롬비아 안데스 오리진 분쇄 커피 원두 1개 226g 핸드드립,8804645007552,인천28,2026-10-08,2026-10-01 08:50:25,24,24,0,직매입,N,,20251008,20271007,7875,7159,716,189000,0,N
143802831,일반,발주확정,37713095,"맥널티 핸드드립커피 에티오피아 예가체프 36개입, 8g, 1개",8804645006623,인천28,2026-10-08,2026-10-01 08:50:25,12,12,0,직매입,N,,,20271007,11635,10577,1058,139620,0,N
143802831,일반,발주확정,67975031,"호랭이 커피 오곡향 블랙, 1개, 20개입, 1g",8804645007781,인천28,2026-10-08,2026-10-01 08:50:25,40,40,0,직매입,N,,20251008,20271007,3087,2806,281,123480,0,N
143802831,일반,발주확정,48074659,"맥널티 에티오피아 예가체프 분쇄 원두 커피, 1개, 500g",8804645007231,인천28,2026-10-08,2026-10-01 08:50:25,48,48,0,직매입,N,,20251008,20271007,10985,9986,999,527280,0,N
143802831,일반,발주확정,64859139,맥널티 스테비아 솔티드 카라멜 커피믹스 10g 1개 30개입,8804645007668,인천28,2026-10-08,2026-10-01 08:50:25,12,12,0,직매입,N,,20251008,20271007,6237,5670,567,74844,0,N
143802831,일반,발주확정,26477367,맥널티 리얼 에스프레소샷 블랙 액상스틱커피 15mlx30개입,8804645006029,인천28,2026-10-08,2026-10-01 08:50:25,80,80,0,직매입,N,,20260111,20270704,8127,7388,739,650160,0,N
143802801,일반,발주확정,80661387,"베트남 로부스타 G1 싱글오리진 커피 원두, 1개, 1kg",8804645006869,인천28,2026-10-08,2026-10-01 08:50:25,18,18,0,직매입,N,,20251008,20271007,11815,10741,1074,212670,0,N
143802761,일반,발주확정,69634259,"맥널티커피 스테비아 커피믹스 헤이즐넛향, 9.5g, 100개입, 1개",8804645007811,인천28,2026-10-08,2026-10-01 08:50:25,16,16,0,직매입,N,,20251008,20271007,15687,14261,1426,250992,0,N
143802761,일반,발주확정,63447822,스테비아 커피믹스 헤이즐넛향 9.5g 30개입 1개,8804645007637,인천28,2026-10-08,2026-10-01 08:50:25,36,36,0,직매입,N,,20251008,20271007,5310,4827,483,191160,0,N
143802761,일반,발주확정,56760693,"아이브루 플러스 디카페인 블랙커피 헤이즐넛향 (1g x 80개입), 1개",8804645007453,인천28,2026-10-08,2026-10-01 08:50:25,80,80,0,직매입,N,,20251008,20271007,8757,7961,796,700560,0,N
143802761,일반,발주확정,56214467,"맥널티커피 아이브루 카라멜 마끼아또, 12g x 100개입(스틱), 1200g , 1개",8804645007484,인천28,2026-10-08,2026-10-01 08:50:25,8,8,0,직매입,N,,20251008,20271007,13797,12543,1254,110376,0,N
143802761,일반,발주확정,62882483,"티브루 보리차 진액, 1개, 400g",8804645007651,인천28,2026-10-08,2026-10-01 08:50:25,20,20,0,직매입,N,,20251008,20271007,8385,7623,762,167700,0,N
143802761,일반,발주확정,58338695,"티브루 옥수수수염차 원액 간편 액상스틱 진액, 30개, 10ml",8804645007606,인천28,2026-10-08,2026-10-01 08:50:25,32,32,0,직매입,N,,20251008,20271007,5785,5259,526,185120,0,N
143802761,일반,발주확정,10147177,맥널티 홀빈 블루마운틴 1000g,8804645006302,인천28,2026-10-08,2026-10-01 08:50:25,40,40,0,직매입,N,,,20271007,17287,15715,1572,691480,0,N
143802732,일반,발주확정,81266557,"맥널티 100% 천연펄프 무표백 핸드드립 커피필터 여과지 하리오 타입(2~4인용), 1개, 100개입",8804645008085,인천28,2026-10-08,2026-10-01 08:50:25,2,2,0,직매입,N,,,,2660,2418,242,5320,0,N
143776262,일반,발주확정,24752132,청포도 에이드 190mL 10팩,8804645005893,XRC08(RC),2026-10-08,2026-10-01 08:35:09,273,273,0,직매입,N,,20251008,20271007,3835,3486,349,1046955,0,N
143731317,일반,발주확정,29461862,맥널티 아메리카노 아이스 블랙 100개입,8804645006081,MGMH5,2026-10-08,2026-09-30 12:20:09,120,120,0,직매입,N,,20251008,20271007,6435,5850,585,772200,0,N
143731317,일반,발주확정,25240402,맥널티 스테비아 커피믹스 30개입,8804645006074,MGMH5,2026-10-08,2026-09-30 12:20:09,144,144,0,직매입,N,,20251008,20271007,5310,4827,483,764640,0,N
143730743,일반,거래명세서확인요청,38933766,"맥널티커피 스테비아 디카페인 커피믹스, 1개, 100개입 9.5g",8804645006890,대구3,2026-10-06,2026-09-30 12:20:04,96,96,96,직매입,N,,20260818,20280816,17577,15979,1598,1687392,1687392,N
143730684,일반,거래명세서확인요청,38933766,"맥널티커피 스테비아 디카페인 커피믹스, 1개, 100개입 9.5g",8804645006890,대구3,2026-10-06,2026-09-30 12:20:04,48,48,48,직매입,N,,20260818,20280816,17577,15979,1598,843696,843696,N
143674994,일반,거래명세서확인요청,80855135,"맥널티 브라질 산토스 싱글오리진 커피 원두, 1개, 1kg",8804645008122,인천4,2026-10-06,2026-09-30 08:55:00,6,6,0,직매입,N,,20251006,20271005,19465,17695,1770,116790,0,N
143674779,일반,거래명세서확인요청,80855137,"맥널티 에티오피아 예가체프 G2 원두 1kg, 1개, 홀빈(분쇄안함)",8804645006449,대구3,2026-10-06,2026-09-30 08:55:00,6,6,6,직매입,N,,20260922,20280920,24565,22332,2233,147390,147390,N
143635019,일반,발주확정,67975031,"호랭이 커피 오곡향 블랙, 1개, 20개입, 1g",8804645007781,인천28,2026-10-08,2026-09-29 12:21:50,40,40,0,직매입,N,,20251008,20271007,3087,2806,281,123480,0,N
143635001,일반,발주확정,56214466,"맥널티커피 아이브루 바닐라 라떼,12g x 100개입(스틱), 1200g , 1개",8804645007460,인천28,2026-10-08,2026-09-29 12:21:50,8,8,0,직매입,N,,20251008,20271007,13797,12543,1254,110376,0,N
143629793,일반,거래명세서확인요청,12521866,맥널티 행복을 주는 커피 시그니처 헤이즐넛향 원두 커피 1Kg,8804645003493,창원4,2026-10-06,2026-09-29 12:21:39,216,216,216,직매입,N,,,20280809,18000,16364,1636,3888000,3888000,N
143629651,일반,발주확정,52625820,맥널티 인스턴트 원두 병커피 에스프레소 블랙 50g 1개,9311931902167,인천28,2026-10-08,2026-09-29 12:21:38,220,220,0,직매입,N,,20250416,20280330,3835,3486,349,843700,0,N
143629546,일반,발주확정,52625820,맥널티 인스턴트 원두 병커피 에스프레소 블랙 50g 1개,9311931902167,인천28,2026-10-08,2026-09-29 12:21:38,70,70,0,직매입,N,,20250416,20280330,3835,3486,349,268450,0,N
143629546,일반,발주확정,75850021,"맥널티 허니자몽 블랙티, 1L, 1개",8804645005954,인천28,2026-10-08,2026-09-29 12:21:38,18,18,0,일반매입,N,,20260111,20270704,1885,1714,171,33930,0,N
143629542,일반,발주확정,76230458,맥널티 진 보리차 1개 1kg,8804645007996,인천28,2026-10-08,2026-09-29 12:21:38,10,10,0,직매입,N,,20251008,20271007,16730,15209,1521,167300,0,N
143629542,일반,발주확정,58338696,"티브루 헛개수 원액 간편 액상스틱 진액, 30개, 10ml",8804645007613,인천28,2026-10-08,2026-09-29 12:21:38,48,48,0,직매입,N,,20251008,20271007,5785,5259,526,277680,0,N
143629542,일반,발주확정,41391235,"맥널티 행복을주는커피 시그니처 블렌드 핸드드립 커피 20개입, 1개, 8g",8804645003653,인천28,2026-10-08,2026-09-29 12:21:38,48,48,0,직매입,N,2025,20251008,20271007,7475,6795,680,358800,0,N
143629542,일반,발주확정,3067434,산지별 에티오피아 예가체프 핸드드립커피 7개입,8804645000331,인천28,2026-10-08,2026-09-29 12:21:38,80,80,0,직매입,N,,20251008,20271007,3502,3184,318,280160,0,N
143629542,일반,발주확정,52625820,맥널티 인스턴트 원두 병커피 에스프레소 블랙 50g 1개,9311931902167,인천28,2026-10-08,2026-09-29 12:21:38,80,80,0,직매입,N,,20250416,20280330,3835,3486,349,306800,0,N
143629542,일반,발주확정,75850021,"맥널티 허니자몽 블랙티, 1L, 1개",8804645005954,인천28,2026-10-08,2026-09-29 12:21:38,12,12,0,일반매입,N,,20260111,20270704,1885,1714,171,22620,0,N
143629516,일반,발주확정,52625820,맥널티 인스턴트 원두 병커피 에스프레소 블랙 50g 1개,9311931902167,인천28,2026-10-08,2026-09-29 12:21:38,80,80,0,직매입,N,,20250416,20280330,3835,3486,349,306800,0,N
143629516,일반,발주확정,46534985,"아이브루 플러스 디카페인 아메리카노 블랙커피, 1개, 80개입, 80g",8804645007118,인천28,2026-10-08,2026-09-29 12:21:38,80,80,0,직매입,N,,20251008,20271007,8760,7964,796,700800,0,N
143629516,일반,발주확정,41391235,"맥널티 행복을주는커피 시그니처 블렌드 핸드드립 커피 20개입, 1개, 8g",8804645003653,인천28,2026-10-08,2026-09-29 12:21:38,48,48,0,직매입,N,2025,20251008,20271007,7475,6795,680,358800,0,N
143629499,일반,발주확정,58338696,"티브루 헛개수 원액 간편 액상스틱 진액, 30개, 10ml",8804645007613,인천28,2026-10-08,2026-09-29 12:21:38,64,64,0,직매입,N,,20251008,20271007,5785,5259,526,370240,0,N
143629499,일반,발주확정,3067434,산지별 에티오피아 예가체프 핸드드립커피 7개입,8804645000331,인천28,2026-10-08,2026-09-29 12:21:38,80,80,0,직매입,N,,20251008,20271007,3502,3184,318,280160,0,N
143629499,일반,발주확정,11849981,행복을 주는 커피 블루마운틴 블렌드 분쇄 원두 커피 1kg,8804645003486,인천28,2026-10-08,2026-09-29 12:21:38,36,36,0,직매입,N,,,20271007,18000,16364,1636,648000,0,N
143629499,일반,발주확정,52625820,맥널티 인스턴트 원두 병커피 에스프레소 블랙 50g 1개,9311931902167,인천28,2026-10-08,2026-09-29 12:21:38,90,90,0,직매입,N,,20250416,20280330,3835,3486,349,345150,0,N
143629499,일반,발주확정,46534985,"아이브루 플러스 디카페인 아메리카노 블랙커피, 1개, 80개입, 80g",8804645007118,인천28,2026-10-08,2026-09-29 12:21:38,80,80,0,직매입,N,,20251008,20271007,8760,7964,796,700800,0,N
143629499,일반,발주확정,75850021,"맥널티 허니자몽 블랙티, 1L, 1개",8804645005954,인천28,2026-10-08,2026-09-29 12:21:38,24,24,0,일반매입,N,,20260111,20270704,1885,1714,171,45240,0,N
143629497,일반,발주확정,75850021,"맥널티 허니자몽 블랙티, 1L, 1개",8804645005954,인천28,2026-10-08,2026-09-29 12:21:38,24,24,0,일반매입,N,,20260111,20270704,1885,1714,171,45240,0,N
143629468,일반,발주확정,11849981,행복을 주는 커피 블루마운틴 블렌드 분쇄 원두 커피 1kg,8804645003486,인천28,2026-10-08,2026-09-29 12:21:38,36,36,0,직매입,N,,,20271007,18000,16364,1636,648000,0,N
143629468,일반,발주확정,58338696,"티브루 헛개수 원액 간편 액상스틱 진액, 30개, 10ml",8804645007613,인천28,2026-10-08,2026-09-29 12:21:38,48,48,0,직매입,N,,20251008,20271007,5785,5259,526,277680,0,N
143629463,일반,발주확정,58338696,"티브루 헛개수 원액 간편 액상스틱 진액, 30개, 10ml",8804645007613,인천28,2026-10-08,2026-09-29 12:21:38,64,64,0,직매입,N,,20251008,20271007,5785,5259,526,370240,0,N
143629463,일반,발주확정,76230458,맥널티 진 보리차 1개 1kg,8804645007996,인천28,2026-10-08,2026-09-29 12:21:38,10,10,0,직매입,N,,20251008,20271007,16730,15209,1521,167300,0,N
143573478,일반,발주확정,58338696,"티브루 헛개수 원액 간편 액상스틱 진액, 30개, 10ml",8804645007613,이천2,2026-10-06,2026-09-29 08:46:22,32,32,32,직매입,N,,20260413,20280411,5785,5259,526,185120,185120,N
143573478,일반,발주확정,58850533,"하와이안 코나 블렌드 분쇄 커피 원두, 1개, 226g, 핸드드립",8804645007521,이천2,2026-10-06,2026-09-29 08:46:22,8,8,8,직매입,N,,20250917,20270916,8505,7732,773,68040,68040,N
143573478,일반,발주확정,58681130,콜롬비아 안데스 오리진 분쇄 커피 원두 1개 226g 핸드드립,8804645007552,이천2,2026-10-06,2026-09-29 08:46:22,24,24,24,직매입,N,,20250824,20270823,7875,7159,716,189000,189000,N
143573478,일반,발주확정,71115722,"호랭이 커피믹스 고소한 오곡향, 1개, 20개입, 9.5g",8804645007897,이천2,2026-10-06,2026-09-29 08:46:22,24,24,24,직매입,N,,20260821,20280819,3087,2806,281,74088,74088,N
143573478,일반,발주확정,38710870,"맥널티 홀빈 커피원두, 콜롬비아 안데스 오리진 1kg, 1개",8804645005343,이천2,2026-10-06,2026-09-29 08:46:22,12,12,12,직매입,N,,20260909,20280907,18000,16364,1636,216000,216000,N
143573478,일반,발주확정,67975031,"호랭이 커피 오곡향 블랙, 1개, 20개입, 1g",8804645007781,이천2,2026-10-06,2026-09-29 08:46:22,40,40,40,직매입,N,,20260914,20280912,3087,2806,281,123480,123480,N
143573478,일반,발주확정,39616646,"맥널티 게이샤 블렌드 커피 원두, 홀빈(분쇄안함), 500g, 1개",8804645006708,이천2,2026-10-06,2026-09-29 08:46:22,8,8,8,직매입,N,,20260813,20280811,12540,11400,1140,100320,100320,N
143573478,일반,발주확정,39616647,"맥널티 하와이안 코나 블렌드 커피 원두, 홀빈(분쇄안함), 500g, 1개",8804645006685,이천2,2026-10-06,2026-09-29 08:46:22,8,8,8,직매입,N,,20260917,20280915,12540,11400,1140,100320,100320,N
143573478,일반,발주확정,3067426,인스턴트 병커피 아이리쉬크림 50g,9311931901160,이천2,2026-10-06,2026-09-29 08:46:22,10,10,0,직매입,N,,20260902,20290831,3654,3322,332,36540,0,N
143573478,일반,발주확정,75850021,"맥널티 허니자몽 블랙티, 1L, 1개",8804645005954,이천2,2026-10-06,2026-09-29 08:46:22,30,30,30,일반매입,N,,20260827,20280217,1885,1714,171,56550,56550,N
143573033,일반,발주확정,36903434,맥널티 아이브루 플러스 헤이즐넛 블랙커피 100개입,8804645006395,인천14,2026-10-13,2026-09-29 08:46:21,280,280,0,직매입,N,,20251006,20271005,8385,7623,762,2347800,0,N
143572667,일반,발주확정,26889706,맥널티 제로칼로리 자몽 아이스티 500ml 24입,18804645006095,부천1,2026-10-06,2026-09-29 08:46:21,40,40,0,직매입,N,,20260109,20270702,13425,12205,1220,537000,0,N
143572165,일반,거래명세서확인요청,52625820,맥널티 인스턴트 원두 병커피 에스프레소 블랙 50g 1개,9311931902167,이천2,2026-10-06,2026-09-29 08:46:20,50,50,50,직매입,N,,20260417,20290331,3835,3486,349,191750,191750,N
143572165,일반,거래명세서확인요청,71115721,"호랭이 커피믹스 고소한 오곡향, 1개, 160개입, 9.5g",8804645007880,이천2,2026-10-06,2026-09-29 08:46:20,6,6,6,직매입,N,,20260522,20280520,15687,14261,1426,94122,94122,N
143571403,일반,발주확정,73944650,"맥널티 복숭아 아이스티 대용량 파우치, 1개, 2.1L",8804645007965,이천2,2026-10-06,2026-09-29 08:46:19,24,24,24,직매입,N,,20260821,20280211,2654,2413,241,63696,63696,N
143571403,일반,발주확정,10147180,맥널티 행복을 주는 커피 헤이즐넛향 1kg 홀빈,8804645100185,이천2,2026-10-06,2026-09-29 08:46:19,48,48,48,직매입,N,,,20280822,16768,15244,1524,804864,804864,N
143571403,일반,발주확정,62882483,"티브루 보리차 진액, 1개, 400g",8804645007651,이천2,2026-10-06,2026-09-29 08:46:19,10,10,10,직매입,N,,20260602,20280531,8385,7623,762,83850,83850,N
143571403,일반,발주확정,77572705,"맥널티 아이스 아메리카노 헤이즐넛, 1개, 2.1L",8804645008030,이천2,2026-10-06,2026-09-29 08:46:19,260,260,259,직매입,N,,20260812,20280810,2654,2413,241,690040,687386,N
143571403,일반,발주확정,75850021,"맥널티 허니자몽 블랙티, 1L, 1개",8804645005954,이천2,2026-10-06,2026-09-29 08:46:19,30,30,30,일반매입,N,,20260827,20280217,1885,1714,171,56550,56550,N
143570599,일반,거래명세서확인요청,71115721,"호랭이 커피믹스 고소한 오곡향, 1개, 160개입, 9.5g",8804645007880,이천2,2026-10-06,2026-09-29 08:46:18,6,6,6,직매입,N,,20260522,20280520,15687,14261,1426,94122,94122,N
143570599,일반,거래명세서확인요청,62882483,"티브루 보리차 진액, 1개, 400g",8804645007651,이천2,2026-10-06,2026-09-29 08:46:18,10,10,10,직매입,N,,20260602,20280531,8385,7623,762,83850,83850,N
143570599,일반,거래명세서확인요청,77572705,"맥널티 아이스 아메리카노 헤이즐넛, 1개, 2.1L",8804645008030,이천2,2026-10-06,2026-09-29 08:46:18,60,60,60,직매입,N,,20260812,20280810,2654,2413,241,159240,159240,N
143570599,일반,거래명세서확인요청,52625820,맥널티 인스턴트 원두 병커피 에스프레소 블랙 50g 1개,9311931902167,이천2,2026-10-06,2026-09-29 08:46:18,20,20,20,직매입,N,,20260417,20290331,3835,3486,349,76700,76700,N
143570599,일반,거래명세서확인요청,73944650,"맥널티 복숭아 아이스티 대용량 파우치, 1개, 2.1L",8804645007965,이천2,2026-10-06,2026-09-29 08:46:18,72,72,72,직매입,N,,20260821,20280211,2654,2413,241,191088,191088,N
143570240,일반,거래명세서확인요청,31602405,맥널티 2in1 핫앤콜드 진공추출 커피메이커 MCM-065B MCM-065B,8804645006296,이천2,2026-10-06,2026-09-29 08:46:18,5,5,5,직매입,N,,,,33945,30859,3086,169725,169725,N
143569662,일반,발주확정,38710872,"맥널티 홀빈 커피원두, 시그니처 블렌드 1kg, 1개",8804645005312,이천2,2026-10-06,2026-09-29 08:46:17,6,6,6,직매입,N,,20260826,20280824,18000,16364,1636,108000,108000,N
143569662,일반,발주확정,3067426,인스턴트 병커피 아이리쉬크림 50g,9311931901160,이천2,2026-10-06,2026-09-29 08:46:17,10,10,0,직매입,N,,20260902,20290831,3654,3322,332,36540,0,N
143569662,일반,발주확정,23400104,맥널티 브라질 벨라비스타 핸드드립 원두커피 24개입,8804645005718,이천2,2026-10-06,2026-09-29 08:46:17,6,6,0,직매입,N,,20251006,20271005,9685,8805,880,58110,0,N
143569662,일반,발주확정,37255099,"한국맥널티 맥널티x제주 울트라마린 에티오피아 예가체프 핸드드립 7개입, 8g, 1개",8804645005138,이천2,2026-10-06,2026-09-29 08:46:17,10,10,0,직매입,N,,20251006,20271005,3887,3534,353,38870,0,N
143569651,일반,발주확정,3067434,산지별 에티오피아 예가체프 핸드드립커피 7개입,8804645000331,이천2,2026-10-06,2026-09-29 08:46:17,80,80,80,직매입,N,,20260921,20280919,3502,3184,318,280160,280160,N
143569651,일반,발주확정,23400108,맥널티 디카페인100% 핸드드립 원두커피 24개입,8804645005732,이천2,2026-10-06,2026-09-29 08:46:17,24,24,24,직매입,N,,20260821,20280819,10335,9395,940,248040,248040,N
143569651,일반,발주확정,58765770,"디카페인 헤이즐넛향 분쇄 커피 원두, 1개, 226g, 핸드드립",8804645007538,이천2,2026-10-06,2026-09-29 08:46:17,8,8,8,직매입,N,,20260819,20280817,8820,8018,802,70560,70560,N
143569651,일반,발주확정,62882483,"티브루 보리차 진액, 1개, 400g",8804645007651,이천2,2026-10-06,2026-09-29 08:46:17,10,10,10,직매입,N,,20260602,20280531,8385,7623,762,83850,83850,N
143569651,일반,발주확정,3067426,인스턴트 병커피 아이리쉬크림 50g,9311931901160,이천2,2026-10-06,2026-09-29 08:46:17,10,10,10,직매입,N,,20260902,20290831,3654,3322,332,36540,36540,N
143569651,일반,발주확정,46534985,"아이브루 플러스 디카페인 아메리카노 블랙커피, 1개, 80개입, 80g",8804645007118,이천2,2026-10-06,2026-09-29 08:46:17,80,80,80,직매입,N,,20260813,20280811,8760,7964,796,700800,700800,N
143569651,일반,발주확정,56214467,"맥널티커피 아이브루 카라멜 마끼아또, 12g x 100개입(스틱), 1200g , 1개",8804645007484,이천2,2026-10-06,2026-09-29 08:46:17,16,16,16,직매입,N,,20260612,20280610,13797,12543,1254,220752,220752,N
143569651,일반,발주확정,36829226,"제로 아이스티 청포도, 30개입, 13g 1개",8804645006807,이천2,2026-10-06,2026-09-29 08:46:17,16,16,16,직매입,N,,20260713,20280711,6435,5850,585,102960,102960,N
143569651,일반,발주확정,56214466,"맥널티커피 아이브루 바닐라 라떼,12g x 100개입(스틱), 1200g , 1개",8804645007460,이천2,2026-10-06,2026-09-29 08:46:17,8,8,8,직매입,N,,20260612,20280610,13797,12543,1254,110376,110376,N
143569651,일반,발주확정,13277718,맥널티 행복을 주는 커피 브라질 산토스 1kg,8804645003936,이천2,2026-10-06,2026-09-29 08:46:17,80,80,80,직매입,N,,,20280930,15500,14091,1409,1240000,1240000,N
143569651,일반,발주확정,13277719,맥널티 행복을 주는 커피 콜롬비아 블렌드 1kg,8804645003929,이천2,2026-10-06,2026-09-29 08:46:17,50,50,50,직매입,N,,,20280831,17159,15599,1560,857950,857950,N
143569651,일반,발주확정,62821923,맥널티 핸드드립 커피 에티오피아 예가체프 8g 24개입 1개,8804645006920,이천2,2026-10-06,2026-09-29 08:46:17,18,18,18,직매입,N,,,20280908,10647,9679,968,191646,191646,N
143569651,일반,발주확정,64859139,맥널티 스테비아 솔티드 카라멜 커피믹스 10g 1개 30개입,8804645007668,이천2,2026-10-06,2026-09-29 08:46:17,12,12,12,직매입,N,,20260706,20280704,6237,5670,567,74844,74844,N
143569651,일반,발주확정,75850021,"맥널티 허니자몽 블랙티, 1L, 1개",8804645005954,이천2,2026-10-06,2026-09-29 08:46:17,30,30,30,일반매입,N,,20260827,20280217,1885,1714,171,56550,56550,N
143569651,일반,발주확정,69526598,"맥널티 갓성비 제로슈가 커피믹스, 1개, 80개입, 9g",8804645007842,이천2,2026-10-06,2026-09-29 08:46:17,360,360,360,직매입,N,,20260611,20280609,9685,8805,880,3486600,3486600,N
143569651,일반,발주확정,26477367,맥널티 리얼 에스프레소샷 블랙 액상스틱커피 15mlx30개입,8804645006029,이천2,2026-10-06,2026-09-29 08:46:17,80,80,80,직매입,N,,20260913,20280305,8127,7388,739,650160,650160,N
143569651,일반,발주확정,10003517,콜롬비아 핸드드립 블렌드 24개입,8804645000713,이천2,2026-10-06,2026-09-29 08:46:17,60,60,60,직매입,N,,,20280704,9387,8534,853,563220,563220,N
143569651,일반,발주확정,29461862,맥널티 아메리카노 아이스 블랙 100개입,8804645006081,이천2,2026-10-06,2026-09-29 08:46:17,120,120,120,직매입,N,,20260930,20280928,6435,5850,585,772200,772200,N
143569651,일반,발주확정,36669698,"제로 아이스티 복숭아, 30개입, 13g",8804645006791,이천2,2026-10-06,2026-09-29 08:46:17,16,16,16,직매입,N,,20260618,20280616,6435,5850,585,102960,102960,N
143569651,일반,발주확정,58338696,"티브루 헛개수 원액 간편 액상스틱 진액, 30개, 10ml",8804645007613,이천2,2026-10-06,2026-09-29 08:46:17,80,80,80,직매입,N,,20260413,20280411,5785,5259,526,462800,462800,N
143569651,일반,발주확정,45580036,맥널티 청매실 에이드 190ml*10개입,8804645007071,이천2,2026-10-06,2026-09-29 08:46:17,75,75,75,직매입,N,,20260727,20280725,3835,3486,349,287625,287625,N
143569651,일반,발주확정,10147177,맥널티 홀빈 블루마운틴 1000g,8804645006302,이천2,2026-10-06,2026-09-29 08:46:17,40,40,40,직매입,N,,,20280914,17287,15715,1572,691480,691480,N
143569651,일반,발주확정,41391235,"맥널티 행복을주는커피 시그니처 블렌드 핸드드립 커피 20개입, 1개, 8g",8804645003653,이천2,2026-10-06,2026-09-29 08:46:17,48,48,48,직매입,N,2026,20260320,20280318,7475,6795,680,358800,358800,N
143569651,일반,발주확정,71115721,"호랭이 커피믹스 고소한 오곡향, 1개, 160개입, 9.5g",8804645007880,이천2,2026-10-06,2026-09-29 08:46:17,6,6,6,직매입,N,,20260522,20280520,15687,14261,1426,94122,94122,N
143569651,일반,발주확정,36903434,맥널티 아이브루 플러스 헤이즐넛 블랙커피 100개입,8804645006395,이천2,2026-10-06,2026-09-29 08:46:17,280,280,0,직매입,N,,20260904,20280902,8385,7623,762,2347800,0,N
143569651,일반,발주확정,67975031,"호랭이 커피 오곡향 블랙, 1개, 20개입, 1g",8804645007781,이천2,2026-10-06,2026-09-29 08:46:17,40,40,40,직매입,N,,20260914,20280912,3087,2806,281,123480,123480,N
143569651,일반,발주확정,15720531,콜롬비아 블랙 100개입,8804645002861,이천2,2026-10-06,2026-09-29 08:46:17,384,384,384,직매입,N,,20260930,20280928,6979,6345,634,2679936,2679936,N
143569651,일반,발주확정,48074659,"맥널티 에티오피아 예가체프 분쇄 원두 커피, 1개, 500g",8804645007231,이천2,2026-10-06,2026-09-29 08:46:17,48,48,48,직매입,N,,20260818,20280816,10985,9986,999,527280,527280,N
143569651,일반,발주확정,77572705,"맥널티 아이스 아메리카노 헤이즐넛, 1개, 2.1L",8804645008030,이천2,2026-10-06,2026-09-29 08:46:17,4,4,4,직매입,N,,20260812,20280810,2654,2413,241,10616,10616,N
143569651,일반,발주확정,52625820,맥널티 인스턴트 원두 병커피 에스프레소 블랙 50g 1개,9311931902167,이천2,2026-10-06,2026-09-29 08:46:17,10,10,10,직매입,N,,20260417,20290331,3835,3486,349,38350,38350,N
143569651,일반,발주확정,47303765,"산양유 단백질 프로틴 스테비아 커피믹스, 1개, 100개입, 1000g",8804645007187,이천2,2026-10-06,2026-09-29 08:46:17,64,64,64,직매입,N,,20260808,20280806,21987,19988,1999,1407168,1407168,N
143569410,일반,거래명세서확인요청,71636537,"맥널티 티브루 호박팥차 무라벨, 20개, 500ml",8804645007934,부천1,2026-10-06,2026-09-29 08:46:17,66,66,66,직매입,N,,20260330,20270329,9675,8795,880,638550,638550,N
143569022,일반,거래명세서확인요청,58338696,"티브루 헛개수 원액 간편 액상스틱 진액, 30개, 10ml",8804645007613,이천2,2026-10-06,2026-09-29 08:46:16,32,32,32,직매입,N,,20260413,20280411,5785,5259,526,185120,185120,N
143569022,일반,거래명세서확인요청,69634259,"맥널티커피 스테비아 커피믹스 헤이즐넛향, 9.5g, 100개입, 1개",8804645007811,이천2,2026-10-06,2026-09-29 08:46:16,24,24,24,직매입,N,,20260922,20280920,15687,14261,1426,376488,376488,N
143569022,일반,거래명세서확인요청,37713095,"맥널티 핸드드립커피 에티오피아 예가체프 36개입, 8g, 1개",8804645006623,이천2,2026-10-06,2026-09-29 08:46:16,12,12,12,직매입,N,,,20280913,11635,10577,1058,139620,139620,N
143569022,일반,거래명세서확인요청,11849981,행복을 주는 커피 블루마운틴 블렌드 분쇄 원두 커피 1kg,8804645003486,이천2,2026-10-06,2026-09-29 08:46:16,36,36,36,직매입,N,,,20280921,18000,16364,1636,648000,648000,N
143569022,일반,거래명세서확인요청,67975031,"호랭이 커피 오곡향 블랙, 1개, 20개입, 1g",8804645007781,이천2,2026-10-06,2026-09-29 08:46:16,40,40,40,직매입,N,,20260914,20280912,3087,2806,281,123480,123480,N
143569022,일반,거래명세서확인요청,58765770,"디카페인 헤이즐넛향 분쇄 커피 원두, 1개, 226g, 핸드드립",8804645007538,이천2,2026-10-06,2026-09-29 08:46:16,8,8,8,직매입,N,,20260819,20280817,8820,8018,802,70560,70560,N
143569022,일반,거래명세서확인요청,56214467,"맥널티커피 아이브루 카라멜 마끼아또, 12g x 100개입(스틱), 1200g , 1개",8804645007484,이천2,2026-10-06,2026-09-29 08:46:16,8,8,8,직매입,N,,20260612,20280610,13797,12543,1254,110376,110376,N
143569022,일반,거래명세서확인요청,56214466,"맥널티커피 아이브루 바닐라 라떼,12g x 100개입(스틱), 1200g , 1개",8804645007460,이천2,2026-10-06,2026-09-29 08:46:16,8,8,8,직매입,N,,20260612,20280610,13797,12543,1254,110376,110376,N
143569022,일반,거래명세서확인요청,76230458,맥널티 진 보리차 1개 1kg,8804645007996,이천2,2026-10-06,2026-09-29 08:46:16,10,10,10,직매입,N,,20260622,20280620,16730,15209,1521,167300,167300,N
143568753,일반,거래명세서확인요청,52625820,맥널티 인스턴트 원두 병커피 에스프레소 블랙 50g 1개,9311931902167,이천2,2026-10-06,2026-09-29 08:46:16,70,70,70,직매입,N,,20260417,20290331,3835,3486,349,268450,268450,N
143568753,일반,거래명세서확인요청,77572705,"맥널티 아이스 아메리카노 헤이즐넛, 1개, 2.1L",8804645008030,이천2,2026-10-06,2026-09-29 08:46:16,236,236,236,직매입,N,,20260812,20280810,2654,2413,241,626344,626344,N
143568391,일반,거래명세서확인요청,56214467,"맥널티커피 아이브루 카라멜 마끼아또, 12g x 100개입(스틱), 1200g , 1개",8804645007484,이천2,2026-10-06,2026-09-29 08:46:15,8,8,8,직매입,N,,20260612,20280610,13797,12543,1254,110376,110376,N
143568391,일반,거래명세서확인요청,56214466,"맥널티커피 아이브루 바닐라 라떼,12g x 100개입(스틱), 1200g , 1개",8804645007460,이천2,2026-10-06,2026-09-29 08:46:15,8,8,8,직매입,N,,20260612,20280610,13797,12543,1254,110376,110376,N
143568391,일반,거래명세서확인요청,71115721,"호랭이 커피믹스 고소한 오곡향, 1개, 160개입, 9.5g",8804645007880,이천2,2026-10-06,2026-09-29 08:46:15,6,6,6,직매입,N,,20260522,20280520,15687,14261,1426,94122,94122,N
143568148,일반,발주확정,47303765,"산양유 단백질 프로틴 스테비아 커피믹스, 1개, 100개입, 1000g",8804645007187,이천2,2026-10-06,2026-09-29 08:46:15,64,64,64,직매입,N,,20260808,20280806,21987,19988,1999,1407168,1407168,N
143568148,일반,발주확정,10003517,콜롬비아 핸드드립 블렌드 24개입,8804645000713,이천2,2026-10-06,2026-09-29 08:46:15,60,60,60,직매입,N,,,20280704,9387,8534,853,563220,563220,N
143568148,일반,발주확정,71629331,"맥널티 갓성비 아메리카노 블랙커피, 1개, 100개입, 2g",8804645007873,이천2,2026-10-06,2026-09-29 08:46:15,360,360,360,직매입,N,,20260905,20280903,9387,8534,853,3379320,3379320,N
143568148,일반,발주확정,36903434,맥널티 아이브루 플러스 헤이즐넛 블랙커피 100개입,8804645006395,이천2,2026-10-06,2026-09-29 08:46:15,280,280,160,직매입,N,,20260904,20280902,8385,7623,762,2347800,1341600,N
143568148,일반,발주확정,11849981,행복을 주는 커피 블루마운틴 블렌드 분쇄 원두 커피 1kg,8804645003486,이천2,2026-10-06,2026-09-29 08:46:15,36,36,36,직매입,N,,,20280921,18000,16364,1636,648000,648000,N
143568148,일반,발주확정,23400108,맥널티 디카페인100% 핸드드립 원두커피 24개입,8804645005732,이천2,2026-10-06,2026-09-29 08:46:15,24,24,24,직매입,N,,20260821,20280819,10335,9395,940,248040,248040,N
143568148,일반,발주확정,76230458,맥널티 진 보리차 1개 1kg,8804645007996,이천2,2026-10-06,2026-09-29 08:46:15,10,10,10,직매입,N,,20260622,20280620,16730,15209,1521,167300,167300,N
143568028,일반,거래명세서확인요청,36829225,"맥널티 제로칼로리 청포도 아이스티 500mlx24입,",18804645006538,부천1,2026-10-06,2026-09-29 08:46:15,10,10,10,직매입,N,,20250930,20270331,13425,12205,1220,134250,134250,N
143567842,일반,발주확정,54651094,"인스턴트 원두 병커피 맥널티커피 선물세트 50g x 4개입(에스프레소 2병+헤이즐넛 2병), 1세트",8804645007408,이천2,2026-10-06,2026-09-29 08:46:15,16,16,0,직매입,N,,20241218,20271217,16835,15305,1530,269360,0,N
143567662,일반,거래명세서확인요청,11849981,행복을 주는 커피 블루마운틴 블렌드 분쇄 원두 커피 1kg,8804645003486,이천2,2026-10-06,2026-09-29 08:46:14,36,36,36,직매입,N,,,20280921,18000,16364,1636,648000,648000,N
143558711,일반,거래명세서확인요청,25484257,맥널티 아이스 헤이즐넛향 커피 대용량 파우치 1Lx6입,18804645005937,안성8,2026-10-06,2026-09-29 08:46:02,96,96,96,직매입,N,,20260908,20280906,11277,10252,1025,1082592,1082592,N
143542873,일반,거래명세서확인요청,54922706,"맥널티 대용량 제로슈가 스테비아 믹스커피 음료, 1L, 6개",8804645007323,부천1,2026-10-06,2026-09-28 17:14:50,320,320,320,직매입,N,,20260807,20270806,9685,8805,880,3099200,3099200,N
143542768,일반,거래명세서확인요청,61673272,"맥널티커피 복숭아 아이스티 제로, 1.5L, 1개",8804645006739,인천14,2026-10-06,2026-09-28 17:14:50,384,384,384,직매입,N,,20260523,20271113,1500,1364,136,576000,576000,N
143542768,일반,거래명세서확인요청,56760693,"아이브루 플러스 디카페인 블랙커피 헤이즐넛향 (1g x 80개입), 1개",8804645007453,인천14,2026-10-06,2026-09-28 17:14:50,80,80,80,직매입,N,,20260922,20280920,8757,7961,796,700560,700560,N
143542768,일반,거래명세서확인요청,58338694,"티브루 보리차 원액 간편 액상스틱 진액, 30개, 10ml",8804645007590,인천14,2026-10-06,2026-09-28 17:14:50,640,640,640,직매입,N,,20260810,20280808,5785,5259,526,3702400,3702400,N
143542768,일반,거래명세서확인요청,13277719,맥널티 행복을 주는 커피 콜롬비아 블렌드 1kg,8804645003929,인천14,2026-10-06,2026-09-28 17:14:50,50,50,50,직매입,N,,,20280831,17159,15599,1560,857950,857950,N
143542768,일반,거래명세서확인요청,45571,맥널티_ 자메이카 블루마운틴 블렌드_226G,8804645100215,인천14,2026-10-06,2026-09-28 17:14:50,1024,1024,1024,직매입,N,,20260718,20280706,5500,5000,500,5632000,5632000,N
143542673,일반,거래명세서확인요청,10812901,맥널티 베트남 로부스타 원두커피 1kg,8804645003066,XRC14(RC),2026-10-06,2026-09-28 17:14:50,400,400,400,직매입,N,,,20280810,12870,11700,1170,5148000,5148000,N
143542539,일반,거래명세서확인요청,56760693,"아이브루 플러스 디카페인 블랙커피 헤이즐넛향 (1g x 80개입), 1개",8804645007453,인천14,2026-10-06,2026-09-28 17:14:50,80,80,80,직매입,N,,20260922,20280920,8757,7961,796,700560,700560,N
143542539,일반,거래명세서확인요청,73944650,"맥널티 복숭아 아이스티 대용량 파우치, 1개, 2.1L",8804645007965,인천14,2026-10-06,2026-09-28 17:14:50,100,100,100,직매입,N,,20260821,20280211,2654,2413,241,265400,265400,N
143542436,일반,거래명세서확인요청,73944650,"맥널티 복숭아 아이스티 대용량 파우치, 1개, 2.1L",8804645007965,XRC14(RC),2026-10-06,2026-09-28 17:14:50,396,396,396,직매입,N,,20260821,20280211,2654,2413,241,1050984,1050984,N
143542367,일반,발주확정,36863185,맥널티 대용량 제로칼로리 복숭아 아이스티 1.5L 12개,18804645006736,인천26,2026-10-06,2026-09-28 17:14:49,288,288,0,직매입,N,,20260105,20270706,16425,14932,1493,4730400,0,N
143542367,일반,발주확정,68778941,맥널티 아이브루 헤이즐넛향 블랙커피 12개 1L,18804645007504,인천26,2026-10-06,2026-09-28 17:14:49,160,160,160,직매입,N,,20260419,20270418,13425,12205,1220,2148000,2148000,N
143542367,일반,발주확정,70253954,"아이브루 디카페인 아메리카노 블랙커피 무라벨, 20개, 400ml",8804645007903,인천26,2026-10-06,2026-09-28 17:14:49,182,182,182,직매입,N,,20260812,20270811,14850,13500,1350,2702700,2702700,N
143542367,일반,발주확정,76540319,"맥널티 호랭이 마일드 라떼 캔커피, 30개, 175ml",18804645008013,인천26,2026-10-06,2026-09-28 17:14:49,572,572,572,직매입,N,,20260703,20280701,9375,8523,852,5362500,5362500,N
143542343,일반,거래명세서확인요청,54922706,"맥널티 대용량 제로슈가 스테비아 믹스커피 음료, 1L, 6개",8804645007323,대구8,2026-10-06,2026-09-28 17:14:49,160,160,160,직매입,N,,20260807,20270806,9685,8805,880,1549600,1549600,N
143542323,일반,거래명세서확인요청,56760693,"아이브루 플러스 디카페인 블랙커피 헤이즐넛향 (1g x 80개입), 1개",8804645007453,인천14,2026-10-06,2026-09-28 17:14:49,80,80,80,직매입,N,,20260922,20280920,8757,7961,796,700560,700560,N
143542323,일반,거래명세서확인요청,61673272,"맥널티커피 복숭아 아이스티 제로, 1.5L, 1개",8804645006739,인천14,2026-10-06,2026-09-28 17:14:49,132,132,132,직매입,N,,20260523,20271113,1500,1364,136,198000,198000,N
143542227,일반,거래명세서확인요청,13277719,맥널티 행복을 주는 커피 콜롬비아 블렌드 1kg,8804645003929,인천14,2026-10-06,2026-09-28 17:14:49,50,50,50,직매입,N,,,20280831,17159,15599,1560,857950,857950,N
143542158,일반,거래명세서확인요청,56760693,"아이브루 플러스 디카페인 블랙커피 헤이즐넛향 (1g x 80개입), 1개",8804645007453,인천14,2026-10-06,2026-09-28 17:14:49,80,80,80,직매입,N,,20260922,20280920,8757,7961,796,700560,700560,N
143542130,일반,거래명세서확인요청,13277719,맥널티 행복을 주는 커피 콜롬비아 블렌드 1kg,8804645003929,인천14,2026-10-06,2026-09-28 17:14:49,50,50,50,직매입,N,,,20280831,17159,15599,1560,857950,857950,N
143542067,일반,거래명세서확인요청,36903434,맥널티 아이브루 플러스 헤이즐넛 블랙커피 100개입,8804645006395,인천14,2026-10-06,2026-09-28 17:14:49,280,280,280,직매입,N,,20260904,20280902,8385,7623,762,2347800,2347800,N
143542067,일반,거래명세서확인요청,13277719,맥널티 행복을 주는 커피 콜롬비아 블렌드 1kg,8804645003929,인천14,2026-10-06,2026-09-28 17:14:49,50,50,50,직매입,N,,,20280831,17159,15599,1560,857950,857950,N
143542067,일반,거래명세서확인요청,56760693,"아이브루 플러스 디카페인 블랙커피 헤이즐넛향 (1g x 80개입), 1개",8804645007453,인천14,2026-10-06,2026-09-28 17:14:49,80,80,80,직매입,N,,20260922,20280920,8757,7961,796,700560,700560,N
143542023,일반,거래명세서확인요청,70253954,"아이브루 디카페인 아메리카노 블랙커피 무라벨, 20개, 400ml",8804645007903,전라광주5,2026-10-06,2026-09-28 17:14:49,91,91,91,직매입,N,,20260812,20270811,14850,13500,1350,1351350,1351350,N
143542023,일반,거래명세서확인요청,68778941,맥널티 아이브루 헤이즐넛향 블랙커피 12개 1L,18804645007504,전라광주5,2026-10-06,2026-09-28 17:14:49,80,80,80,직매입,N,,20260419,20270418,13425,12205,1220,1074000,1074000,N
143529782,일반,거래명세서확인요청,31602405,맥널티 2in1 핫앤콜드 진공추출 커피메이커 MCM-065B MCM-065B,8804645006296,동탄1,2026-10-01,2026-09-28 15:24:37,1,1,1,직매입,N,,,,33945,30859,3086,33945,33945,N
143528267,일반,발주확정,38933766,"맥널티커피 스테비아 디카페인 커피믹스, 1개, 100개입 9.5g",8804645006890,동탄1,2026-10-01,2026-09-28 15:24:35,96,96,64,직매입,N,,20260818,20280816,17577,15979,1598,1687392,1124928,N
143528144,일반,거래명세서확인요청,76540319,"맥널티 호랭이 마일드 라떼 캔커피, 30개, 175ml",18804645008013,전라광주5,2026-10-01,2026-09-28 15:24:34,143,143,143,직매입,N,,20260703,20280701,9375,8523,852,1340625,1340625,N
143528118,일반,거래명세서확인요청,38933766,"맥널티커피 스테비아 디카페인 커피믹스, 1개, 100개입 9.5g",8804645006890,고양1,2026-10-01,2026-09-28 15:24:34,48,48,48,직매입,N,,20260818,20280816,17577,15979,1598,843696,843696,N
143528041,일반,거래명세서확인요청,38933766,"맥널티커피 스테비아 디카페인 커피믹스, 1개, 100개입 9.5g",8804645006890,인천28,2026-10-01,2026-09-28 15:24:34,48,48,48,직매입,N,,20260818,20280816,17577,15979,1598,843696,843696,N
143489570,일반,발주확정,38933766,"맥널티커피 스테비아 디카페인 커피믹스, 1개, 100개입 9.5g",8804645006890,MGMH5,2026-10-08,2026-09-28 12:15:15,288,288,0,직매입,N,,20251008,20271007,17577,15979,1598,5062176,0,N
143489570,일반,발주확정,71629331,"맥널티 갓성비 아메리카노 블랙커피, 1개, 100개입, 2g",8804645007873,MGMH5,2026-10-08,2026-09-28 12:15:15,360,360,0,직매입,N,,20251008,20271007,9387,8534,853,3379320,0,N
143489570,일반,발주확정,25240400,맥널티 스테비아 커피믹스 100개입,8804645006067,MGMH5,2026-10-08,2026-09-28 12:15:15,360,360,0,직매입,N,,20251008,20271007,14235,12941,1294,5124600,0,N
143378850,일반,거래명세서확인요청,80552849,"맥널티 천연펄프 무표백 핸드드립 커피필터 여과지(2~4인용), 1개, 100개입",8804645000010,인천28,2026-10-01,2026-09-28 09:38:30,10,10,10,직매입,N,,,,2660,2418,242,26600,26600,N
143378669,일반,거래명세서확인요청,80552849,"맥널티 천연펄프 무표백 핸드드립 커피필터 여과지(2~4인용), 1개, 100개입",8804645000010,인천28,2026-10-01,2026-09-28 09:38:30,10,10,10,직매입,N,,,,2660,2418,242,26600,26600,N
143378306,일반,거래명세서확인요청,80552849,"맥널티 천연펄프 무표백 핸드드립 커피필터 여과지(2~4인용), 1개, 100개입",8804645000010,인천28,2026-10-01,2026-09-28 09:38:29,10,10,10,직매입,N,,,,2660,2418,242,26600,26600,N
143377941,일반,거래명세서확인요청,80552849,"맥널티 천연펄프 무표백 핸드드립 커피필터 여과지(2~4인용), 1개, 100개입",8804645000010,인천28,2026-10-01,2026-09-28 09:38:29,10,10,10,직매입,N,,,,2660,2418,242,26600,26600,N
143377588,일반,거래명세서확인요청,80552849,"맥널티 천연펄프 무표백 핸드드립 커피필터 여과지(2~4인용), 1개, 100개입",8804645000010,인천28,2026-10-01,2026-09-28 09:38:28,50,50,50,직매입,N,,,,2660,2418,242,133000,133000,N
143377410,일반,거래명세서확인요청,80881317,"맥널티 갓성비 더블샷 라떼, 1개, 50개입, 14.9g",8804645008054,인천28,2026-10-01,2026-09-28 09:38:27,10,10,10,직매입,N,,20260916,20280914,10985,9986,999,109850,109850,N
143377036,일반,거래명세서확인요청,80552849,"맥널티 천연펄프 무표백 핸드드립 커피필터 여과지(2~4인용), 1개, 100개입",8804645000010,인천28,2026-10-01,2026-09-28 09:38:27,10,10,10,직매입,N,,,,2660,2418,242,26600,26600,N
143376766,일반,발주확정,80855134,"맥널티 콜롬비아 수프리모 후일라 커피 원두, 1kg, 1개",8804645006432,인천28,2026-10-01,2026-09-28 09:38:26,6,6,0,직매입,N,,20251001,20270930,27965,25423,2542,167790,0,N
143376766,일반,발주확정,80881317,"맥널티 갓성비 더블샷 라떼, 1개, 50개입, 14.9g",8804645008054,인천28,2026-10-01,2026-09-28 09:38:26,10,10,10,직매입,N,,20260916,20280914,10985,9986,999,109850,109850,N
143376369,일반,발주확정,80855135,"맥널티 브라질 산토스 싱글오리진 커피 원두, 1개, 1kg",8804645008122,인천28,2026-10-01,2026-09-28 09:38:25,6,6,0,직매입,N,,20251001,20270930,19465,17695,1770,116790,0,N
143376369,일반,발주확정,80881317,"맥널티 갓성비 더블샷 라떼, 1개, 50개입, 14.9g",8804645008054,인천28,2026-10-01,2026-09-28 09:38:25,10,10,10,직매입,N,,20260916,20280914,10985,9986,999,109850,109850,N
143376189,일반,거래명세서확인요청,80881317,"맥널티 갓성비 더블샷 라떼, 1개, 50개입, 14.9g",8804645008054,인천28,2026-10-01,2026-09-28 09:38:25,10,10,10,직매입,N,,20260916,20280914,10985,9986,999,109850,109850,N
143353877,일반,거래명세서확인요청,67975031,"호랭이 커피 오곡향 블랙, 1개, 20개입, 1g",8804645007781,인천28,2026-10-01,2026-09-28 09:37:36,40,40,40,직매입,N,,20260914,20280912,3087,2806,281,123480,123480,N
143353877,일반,거래명세서확인요청,52625820,맥널티 인스턴트 원두 병커피 에스프레소 블랙 50g 1개,9311931902167,인천28,2026-10-01,2026-09-28 09:37:36,10,10,10,직매입,N,,20260417,20290331,3835,3486,349,38350,38350,N
143353877,일반,거래명세서확인요청,75850021,"맥널티 허니자몽 블랙티, 1L, 1개",8804645005954,인천28,2026-10-01,2026-09-28 09:37:36,12,12,12,일반매입,N,,20260827,20280217,1885,1714,171,22620,22620,N
143353795,일반,발주확정,67975031,"호랭이 커피 오곡향 블랙, 1개, 20개입, 1g",8804645007781,인천28,2026-10-01,2026-09-28 09:37:36,40,40,40,직매입,N,,20260914,20280912,3087,2806,281,123480,123480,N
143353795,일반,발주확정,52625820,맥널티 인스턴트 원두 병커피 에스프레소 블랙 50g 1개,9311931902167,인천28,2026-10-01,2026-09-28 09:37:36,30,30,30,직매입,N,,20260417,20290331,3835,3486,349,115050,115050,N
143353795,일반,발주확정,37255098,"한국맥널티 맥널티x전주 브리꼴라주 콜롬비아 수프리모 핸드드립 7개입, 8g, 1개",8804645005121,인천28,2026-10-01,2026-09-28 09:37:36,6,6,0,직매입,N,,20251001,20270930,3887,3534,353,23322,0,N
143353757,일반,거래명세서확인요청,52625820,맥널티 인스턴트 원두 병커피 에스프레소 블랙 50g 1개,9311931902167,인천28,2026-10-01,2026-09-28 09:37:36,30,30,30,직매입,N,,20260417,20290331,3835,3486,349,115050,115050,N
143224803,일반,거래명세서확인요청,73944650,"맥널티 복숭아 아이스티 대용량 파우치, 1개, 2.1L",8804645007965,인천28,2026-10-01,2026-09-23 09:13:02,40,40,40,직매입,N,,20260821,20280211,2654,2413,241,106160,106160,N
143224803,일반,거래명세서확인요청,75850021,"맥널티 허니자몽 블랙티, 1L, 1개",8804645005954,인천28,2026-10-01,2026-09-23 09:13:02,12,12,12,일반매입,N,,20260827,20280217,1885,1714,171,22620,22620,N
143224621,일반,거래명세서확인요청,80881317,"맥널티 갓성비 더블샷 라떼, 1개, 50개입, 14.9g",8804645008054,인천28,2026-10-01,2026-09-23 09:13:02,2,2,2,직매입,N,,20260916,20280914,10985,9986,999,21970,21970,N
143224408,일반,거래명세서확인요청,3067426,인스턴트 병커피 아이리쉬크림 50g,9311931901160,인천28,2026-10-01,2026-09-23 09:13:01,10,10,10,직매입,N,,20260502,20290430,3654,3322,332,36540,36540,N
143224408,일반,거래명세서확인요청,71115721,"호랭이 커피믹스 고소한 오곡향, 1개, 160개입, 9.5g",8804645007880,인천28,2026-10-01,2026-09-23 09:13:01,6,6,6,직매입,N,,20260522,20280520,15687,14261,1426,94122,94122,N
143224235,일반,거래명세서확인요청,80661387,"베트남 로부스타 G1 싱글오리진 커피 원두, 1개, 1kg",8804645006869,인천28,2026-10-01,2026-09-23 09:13:01,18,18,18,직매입,N,,20260916,20280914,11815,10741,1074,212670,212670,N
143224057,일반,거래명세서확인요청,63447822,스테비아 커피믹스 헤이즐넛향 9.5g 30개입 1개,8804645007637,인천28,2026-10-01,2026-09-23 09:13:01,36,36,36,직매입,N,,20260604,20280602,5310,4827,483,191160,191160,N
143224057,일반,거래명세서확인요청,62882483,"티브루 보리차 진액, 1개, 400g",8804645007651,인천28,2026-10-01,2026-09-23 09:13:01,10,10,10,직매입,N,,20260602,20280531,8385,7623,762,83850,83850,N
143224057,일반,거래명세서확인요청,10003518,케냐 AA 핸드드립 블렌드 24개입,8804645000720,인천28,2026-10-01,2026-09-23 09:13:01,60,60,60,직매입,N,,,20280829,9387,8534,853,563220,563220,N
143223778,일반,거래명세서확인요청,71115721,"호랭이 커피믹스 고소한 오곡향, 1개, 160개입, 9.5g",8804645007880,인천28,2026-10-01,2026-09-23 09:13:01,6,6,6,직매입,N,,20260522,20280520,15687,14261,1426,94122,94122,N
143223691,일반,거래명세서확인요청,80881317,"맥널티 갓성비 더블샷 라떼, 1개, 50개입, 14.9g",8804645008054,인천28,2026-10-01,2026-09-23 09:13:01,50,50,50,직매입,N,,20260916,20280914,10985,9986,999,549250,549250,N
143223604,일반,거래명세서확인요청,40806729,"맥널티 스테비아 디카페인 커피믹스, 1개, 30개입, 285g",8804645006777,인천28,2026-10-01,2026-09-23 09:13:00,432,432,432,직매입,N,,20260819,20280817,6237,5670,567,2694384,2694384,N
143223512,일반,거래명세서확인요청,26477367,맥널티 리얼 에스프레소샷 블랙 액상스틱커피 15mlx30개입,8804645006029,인천28,2026-10-01,2026-09-23 09:13:00,80,80,80,직매입,N,,20260702,20271223,8127,7388,739,650160,650160,N
143223428,일반,거래명세서확인요청,15333511,맥널티 드립 주전자 350ml,8804645004490,인천28,2026-10-01,2026-09-23 09:13:00,52,52,52,직매입,N,,,,5548,5044,504,288496,288496,N
143223319,일반,발주확정,58850533,"하와이안 코나 블렌드 분쇄 커피 원두, 1개, 226g, 핸드드립",8804645007521,인천28,2026-10-01,2026-09-23 09:13:00,16,16,16,직매입,N,,20250917,20270916,8505,7732,773,136080,136080,N
143223319,일반,발주확정,58681130,콜롬비아 안데스 오리진 분쇄 커피 원두 1개 226g 핸드드립,8804645007552,인천28,2026-10-01,2026-09-23 09:13:00,24,24,24,직매입,N,,20250824,20270823,7875,7159,716,189000,189000,N
143223319,일반,발주확정,38710870,"맥널티 홀빈 커피원두, 콜롬비아 안데스 오리진 1kg, 1개",8804645005343,인천28,2026-10-01,2026-09-23 09:13:00,12,12,12,직매입,N,,20260909,20280907,18000,16364,1636,216000,216000,N
143223319,일반,발주확정,26477375,맥널티 리얼 에스프레소샷 헤이즐넛향 액상스틱커피 15mlx30개입,8804645006036,인천28,2026-10-01,2026-09-23 09:13:00,80,80,0,직매입,N,,20260104,20270627,8127,7388,739,650160,0,N
143223319,일반,발주확정,3067426,인스턴트 병커피 아이리쉬크림 50g,9311931901160,인천28,2026-10-01,2026-09-23 09:13:00,10,10,10,직매입,N,,20260502,20290430,3654,3322,332,36540,36540,N
143223319,일반,발주확정,62821923,맥널티 핸드드립 커피 에티오피아 예가체프 8g 24개입 1개,8804645006920,인천28,2026-10-01,2026-09-23 09:13:00,42,42,42,직매입,N,,,20280908,10647,9679,968,447174,447174,N
143223319,일반,발주확정,37255099,"한국맥널티 맥널티x제주 울트라마린 에티오피아 예가체프 핸드드립 7개입, 8g, 1개",8804645005138,인천28,2026-10-01,2026-09-23 09:13:00,2,2,0,직매입,N,,20251001,20270930,3887,3534,353,7774,0,N
143223229,일반,거래명세서확인요청,68778941,맥널티 아이브루 헤이즐넛향 블랙커피 12개 1L,18804645007504,전라광주5,2026-10-01,2026-09-23 09:13:00,80,80,80,직매입,N,,20260419,20270418,13425,12205,1220,1074000,1074000,N
143223177,일반,거래명세서확인요청,15333511,맥널티 드립 주전자 350ml,8804645004490,인천28,2026-10-01,2026-09-23 09:13:00,26,26,26,직매입,N,,,,5548,5044,504,144248,144248,N
143223046,일반,거래명세서확인요청,58765769,"게이샤 블렌드 분쇄 커피 원두, 1개, 226g, 핸드드립",8804645007514,인천28,2026-10-01,2026-09-23 09:13:00,16,16,16,직매입,N,,20250916,20270915,8505,7732,773,136080,136080,N
143223046,일반,거래명세서확인요청,3067426,인스턴트 병커피 아이리쉬크림 50g,9311931901160,인천28,2026-10-01,2026-09-23 09:13:00,20,20,20,직매입,N,,20260502,20290430,3654,3322,332,73080,73080,N
143223046,일반,거래명세서확인요청,64859139,맥널티 스테비아 솔티드 카라멜 커피믹스 10g 1개 30개입,8804645007668,인천28,2026-10-01,2026-09-23 09:13:00,12,12,12,직매입,N,,20260706,20280704,6237,5670,567,74844,74844,N
143223046,일반,거래명세서확인요청,58850533,"하와이안 코나 블렌드 분쇄 커피 원두, 1개, 226g, 핸드드립",8804645007521,인천28,2026-10-01,2026-09-23 09:13:00,16,16,16,직매입,N,,20250917,20270916,8505,7732,773,136080,136080,N
143222996,일반,거래명세서확인요청,63447822,스테비아 커피믹스 헤이즐넛향 9.5g 30개입 1개,8804645007637,인천28,2026-10-01,2026-09-23 09:13:00,24,24,24,직매입,N,,20260604,20280602,5310,4827,483,127440,127440,N
143222776,일반,거래명세서확인요청,15333511,맥널티 드립 주전자 350ml,8804645004490,인천28,2026-10-01,2026-09-23 09:13:00,13,13,13,직매입,N,,,,5548,5044,504,72124,72124,N
143222488,일반,발주확정,26477367,맥널티 리얼 에스프레소샷 블랙 액상스틱커피 15mlx30개입,8804645006029,인천28,2026-10-01,2026-09-23 09:12:59,80,80,80,직매입,N,,20260702,20271223,8127,7388,739,650160,650160,N
143222488,일반,발주확정,25240402,맥널티 스테비아 커피믹스 30개입,8804645006074,인천28,2026-10-01,2026-09-23 09:12:59,144,144,144,직매입,N,,20260820,20280818,5310,4827,483,764640,764640,N
143222488,일반,발주확정,69634259,"맥널티커피 스테비아 커피믹스 헤이즐넛향, 9.5g, 100개입, 1개",8804645007811,인천28,2026-10-01,2026-09-23 09:12:59,8,8,8,직매입,N,,20260922,20280920,15687,14261,1426,125496,125496,N
143222488,일반,발주확정,10003518,케냐 AA 핸드드립 블렌드 24개입,8804645000720,인천28,2026-10-01,2026-09-23 09:12:59,60,60,60,직매입,N,,,20280829,9387,8534,853,563220,563220,N
143222488,일반,발주확정,63447822,스테비아 커피믹스 헤이즐넛향 9.5g 30개입 1개,8804645007637,인천28,2026-10-01,2026-09-23 09:12:59,36,36,36,직매입,N,,20260604,20280602,5310,4827,483,191160,191160,N
143222488,일반,발주확정,54651094,"인스턴트 원두 병커피 맥널티커피 선물세트 50g x 4개입(에스프레소 2병+헤이즐넛 2병), 1세트",8804645007408,인천28,2026-10-01,2026-09-23 09:12:59,16,16,0,직매입,N,,20241213,20271212,16835,15305,1530,269360,0,N
143222488,일반,발주확정,71629331,"맥널티 갓성비 아메리카노 블랙커피, 1개, 100개입, 2g",8804645007873,인천28,2026-10-01,2026-09-23 09:12:59,360,360,360,직매입,N,,20260905,20280903,9387,8534,853,3379320,3379320,N
143222488,일반,발주확정,15720531,콜롬비아 블랙 100개입,8804645002861,인천28,2026-10-01,2026-09-23 09:12:59,384,384,384,직매입,N,,20260916,20280914,6979,6345,634,2679936,2679936,N
143222488,일반,발주확정,62882483,"티브루 보리차 진액, 1개, 400g",8804645007651,인천28,2026-10-01,2026-09-23 09:12:59,10,10,10,직매입,N,,20260602,20280531,8385,7623,762,83850,83850,N
143222488,일반,발주확정,75850021,"맥널티 허니자몽 블랙티, 1L, 1개",8804645005954,인천28,2026-10-01,2026-09-23 09:12:59,12,12,12,일반매입,N,,20260827,20280217,1885,1714,171,22620,22620,N
143222309,일반,거래명세서확인요청,15333511,맥널티 드립 주전자 350ml,8804645004490,인천28,2026-10-01,2026-09-23 09:12:59,13,13,13,직매입,N,,,,5548,5044,504,72124,72124,N
143222128,일반,거래명세서확인요청,77572705,"맥널티 아이스 아메리카노 헤이즐넛, 1개, 2.1L",8804645008030,인천28,2026-10-01,2026-09-23 09:12:59,388,388,388,직매입,N,,20260218,20280217,2654,2413,241,1029752,1029752,N
143222128,일반,거래명세서확인요청,75850021,"맥널티 허니자몽 블랙티, 1L, 1개",8804645005954,인천28,2026-10-01,2026-09-23 09:12:59,6,6,6,일반매입,N,,20260827,20280217,1885,1714,171,11310,11310,N
143221982,일반,발주확정,77572705,"맥널티 아이스 아메리카노 헤이즐넛, 1개, 2.1L",8804645008030,인천28,2026-10-01,2026-09-23 09:12:59,320,320,320,직매입,N,,20260218,20280217,2654,2413,241,849280,849280,N
143221982,일반,발주확정,46730880,"산양유 단백질 프로틴 스테비아 커피믹스, 1개, 30개입, 300g",8804645007194,인천28,2026-10-01,2026-09-23 09:12:59,48,48,0,직매입,N,,20251001,20270930,6867,6243,624,329616,0,N
143174585,일반,거래명세서확인요청,61673272,"맥널티커피 복숭아 아이스티 제로, 1.5L, 1개",8804645006739,XRC14(RC),2026-10-01,2026-09-23 08:46:04,1248,1248,1248,직매입,N,,20260523,20271113,1500,1364,136,1872000,1872000,N
143155392,일반,거래명세서확인요청,34834818,맥널티 스테비아 제로슈가 핫초코 라떼 30개입 15g,8804645006340,서울,2026-10-01,2026-09-22 16:25:33,720,720,720,직매입,N,,20260118,20280117,8250,7500,750,5940000,5940000,N
143155371,일반,발주확정,29518964,카페 맥널티 맥널티 순수한 레몬청 460g,8804645006197,양산1,2026-10-01,2026-09-22 16:25:33,56,56,0,직매입,N,,20251001,20270930,4485,4077,408,251160,0,N
143155353,일반,거래명세서확인요청,39149736,"맥널티 스테비아 침향 쌍화차, 1개, 30개입, 450g",8804645006913,양산1,2026-10-01,2026-09-22 16:25:33,128,128,128,직매입,N,,20260623,20280621,9390,8536,854,1201920,1201920,N
143155336,일반,발주확정,29518930,카페 맥널티 맥널티 순수한 청귤청 460g,8804645006180,양산1,2026-10-01,2026-09-22 16:25:33,16,16,0,직매입,N,,20251001,20270930,4485,4077,408,71760,0,N
143134059,일반,거래명세서확인요청,12491225,맥널티 핸드드립 커피필터 30개입,8804645300950,MGMH5,2026-10-01,2026-09-22 13:28:54,640,640,640,직매입,N,,,,2906,2642,264,1859840,1859840,N
143133991,일반,거래명세서확인요청,36903434,맥널티 아이브루 플러스 헤이즐넛 블랙커피 100개입,8804645006395,MGMH5,2026-10-01,2026-09-22 13:28:54,560,560,560,직매입,N,,20260904,20280902,8385,7623,762,4695600,4695600,N
143133991,일반,거래명세서확인요청,56760693,"아이브루 플러스 디카페인 블랙커피 헤이즐넛향 (1g x 80개입), 1개",8804645007453,MGMH5,2026-10-01,2026-09-22 13:28:54,240,240,240,직매입,N,,20260922,20280920,8757,7961,796,2101680,2101680,N
143133431,일반,거래명세서확인요청,39149735,"맥널티 스테비아 제로슈가 호두 아몬드 율무차, 1개, 30개입, 450g",8804645006906,양산1,2026-10-01,2026-09-22 13:28:52,300,300,300,직매입,N,,20260622,20280620,7497,6815,682,2249100,2249100,N
143133431,일반,거래명세서확인요청,41175263,"맥널티커피 스테비아 꿀 유자차, 1개, 30개입, 450g",8804645006951,양산1,2026-10-01,2026-09-22 13:28:52,360,360,360,직매입,N,,20260620,20280618,8127,7388,739,2925720,2925720,N
143133431,일반,거래명세서확인요청,64842417,티브루 호박팥차 진액 10ml 30개입 1개,8804645007675,양산1,2026-10-01,2026-09-22 13:28:52,1260,1260,1260,직매입,N,,20260824,20280822,5785,5259,526,7289100,7289100,N
143133431,일반,거래명세서확인요청,34834818,맥널티 스테비아 제로슈가 핫초코 라떼 30개입 15g,8804645006340,양산1,2026-10-01,2026-09-22 13:28:52,540,540,540,직매입,N,,20260118,20280117,8250,7500,750,4455000,4455000,N
143133252,일반,거래명세서확인요청,51063548,"스테비아 단백질 옥수수 크림 라떼, 1개, 20개입, 18g",8804645007330,양산1,2026-10-01,2026-09-22 13:28:52,36,36,36,직매입,N,,20260114,20280113,6435,5850,585,231660,231660,N
143133252,일반,거래명세서확인요청,51164938,"스테비아 단백질 고구마 크림 라떼, 1개, 20개입, 18g",8804645007347,양산1,2026-10-01,2026-09-22 13:28:52,84,84,84,직매입,N,,20260113,20280112,6435,5850,585,540540,540540,N
